Customer_ID,Customer_Name,Age,Gender,Location
1,Rahman Sheikh,31,Male,Mymensingh
2,Karim Sheikh,69,Female,Khulna
3,Ahmed Ali,60,Female,Barisal
4,Hossain Sheikh,47,Male,Chattogram
5,Ahmed Sheikh,64,Female,Chattogram
6,Karim Khan,30,Female,Rajshahi
7,Hossain Khan,35,Female,Khulna
8,Ahmed Sheikh,69,Male,Dhaka
9,Chowdhury Ali,23,Male,Rajshahi
10,Hossain Sheikh,48,Male,Rangpur
11,Ahmed Khan,42,Male,Rangpur
12,Rahman Sheikh,36,Female,Mymensingh
13,Karim Khan,36,Male,Dhaka
14,Chowdhury Miah,21,Female,Dhaka
15,Ahmed Miah,48,Male,Dhaka
16,Chowdhury Ali,72,Male,Chattogram
17,Chowdhury Ali,61,Male,Rangpur
18,Ahmed Miah,33,Male,Chattogram
19,Hossain Miah,54,Female,Sylhet
20,Karim Islam,33,Female,Rangpur
21,Karim Islam,47,Female,Chattogram
22,Ahmed Sheikh,57,Male,Chattogram
23,Chowdhury Khan,50,Female,Rajshahi
24,Rahman Ali,74,Male,Barisal
25,Rahman Khan,46,Female,Dhaka
26,Chowdhury Islam,60,Male,Rajshahi
27,Rahman Ali,74,Male,Rajshahi
28,Rahman Islam,56,Male,Barisal
29,Karim Islam,50,Female,Sylhet
30,Ahmed Ali,58,Female,Sylhet
31,Ahmed Ali,39,Male,Sylhet
32,Karim Sheikh,53,Female,Dhaka
33,Ahmed Ali,74,Male,Dhaka
34,Rahman Miah,53,Male,Rangpur
35,Karim Ali,37,Female,Dhaka
36,Rahman Khan,61,Male,Chattogram
37,Rahman Miah,74,Female,Rajshahi
38,Karim Khan,69,Male,Rangpur
39,Ahmed Khan,65,Female,Rangpur
40,Karim Islam,28,Male,Rangpur
41,Ahmed Sheikh,32,Male,Mymensingh
42,Rahman Islam,70,Male,Khulna
43,Ahmed Khan,43,Female,Sylhet
44,Ahmed Islam,40,Female,Barisal
45,Ahmed Ali,74,Female,Rajshahi
46,Chowdhury Islam,20,Male,Rangpur
47,Rahman Islam,45,Male,Rangpur
48,Chowdhury Khan,34,Male,Rangpur
49,Ahmed Miah,69,Male,Barisal
50,Hossain Ali,60,Female,Barisal
51,Ahmed Islam,50,Female,Rangpur
52,Rahman Sheikh,62,Female,Rajshahi
53,Karim Sheikh,60,Female,Rajshahi
54,Chowdhury Miah,37,Female,Dhaka
55,Rahman Islam,31,Female,Barisal
56,Hossain Sheikh,46,Male,Mymensingh
57,Karim Ali,36,Female,Chattogram
58,Karim Islam,32,Male,Rajshahi
59,Ahmed Ali,33,Female,Chattogram
60,Hossain Sheikh,74,Male,Rangpur
61,Hossain Sheikh,33,Male,Dhaka
62,Ahmed Sheikh,32,Male,Mymensingh
63,Ahmed Miah,33,Male,Mymensingh
64,Karim Sheikh,60,Female,Mymensingh
65,Chowdhury Miah,45,Female,Rajshahi
66,Hossain Sheikh,34,Male,Sylhet
67,Chowdhury Sheikh,58,Male,Sylhet
68,Hossain Ali,63,Female,Khulna
69,Rahman Islam,38,Male,Rajshahi
70,Karim Khan,42,Male,Khulna
71,Ahmed Sheikh,44,Female,Mymensingh
72,Hossain Ali,31,Female,Rangpur
73,Chowdhury Ali,72,Female,Mymensingh
74,Ahmed Islam,37,Female,Rangpur
75,Chowdhury Miah,69,Male,Mymensingh
76,Karim Islam,45,Female,Dhaka
77,Hossain Islam,60,Female,Rajshahi
78,Hossain Khan,57,Male,Rangpur
79,Chowdhury Miah,60,Male,Chattogram
80,Hossain Khan,73,Female,Rajshahi
81,Ahmed Islam,42,Female,Khulna
82,Hossain Islam,39,Female,Sylhet
83,Hossain Islam,71,Male,Mymensingh
84,Ahmed Miah,21,Female,Khulna
85,Ahmed Ali,66,Male,Khulna
86,Karim Ali,57,Male,Khulna
87,Karim Sheikh,60,Male,Khulna
88,Hossain Islam,67,Female,Rajshahi
89,Chowdhury Miah,65,Male,Rajshahi
90,Rahman Ali,55,Male,Sylhet
91,Chowdhury Sheikh,43,Male,Chattogram
92,Chowdhury Khan,24,Female,Chattogram
93,Chowdhury Ali,40,Female,Barisal
94,Ahmed Miah,59,Female,Dhaka
95,Hossain Sheikh,24,Female,Barisal
96,Hossain Khan,45,Male,Sylhet
97,Chowdhury Miah,67,Female,Mymensingh
98,Hossain Miah,35,Female,Khulna
99,Ahmed Islam,74,Female,Khulna
100,Hossain Miah,57,Female,Barisal
101,Ahmed Sheikh,72,Female,Rajshahi
102,Hossain Khan,40,Female,Barisal
103,Rahman Miah,62,Female,Dhaka
104,Chowdhury Khan,23,Male,Rangpur
105,Hossain Miah,66,Male,Mymensingh
106,Hossain Sheikh,68,Male,Chattogram
107,Rahman Khan,43,Male,Sylhet
108,Chowdhury Islam,48,Female,Rangpur
109,Chowdhury Islam,40,Female,Sylhet
110,Rahman Islam,32,Male,Khulna
111,Rahman Ali,65,Male,Khulna
112,Karim Sheikh,35,Female,Chattogram
113,Karim Islam,32,Female,Rajshahi
114,Rahman Ali,63,Male,Sylhet
115,Ahmed Ali,53,Female,Rajshahi
116,Hossain Ali,73,Male,Sylhet
117,Hossain Sheikh,46,Female,Rajshahi
118,Ahmed Islam,73,Female,Chattogram
119,Ahmed Sheikh,49,Male,Dhaka
120,Karim Khan,69,Female,Chattogram
121,Karim Ali,53,Female,Khulna
122,Chowdhury Sheikh,46,Female,Sylhet
123,Chowdhury Sheikh,37,Male,Chattogram
124,Karim Khan,34,Male,Rajshahi
125,Karim Khan,53,Male,Rajshahi
126,Ahmed Sheikh,46,Female,Sylhet
127,Ahmed Khan,36,Female,Mymensingh
128,Ahmed Khan,34,Male,Rangpur
129,Ahmed Miah,32,Male,Sylhet
130,Karim Ali,21,Male,Sylhet
131,Chowdhury Miah,36,Female,Chattogram
132,Hossain Islam,62,Female,Sylhet
133,Chowdhury Miah,49,Female,Chattogram
134,Chowdhury Ali,74,Female,Barisal
135,Chowdhury Islam,19,Male,Khulna
136,Chowdhury Miah,19,Female,Dhaka
137,Karim Sheikh,51,Female,Sylhet
138,Karim Miah,45,Female,Chattogram
139,Hossain Islam,44,Female,Barisal
140,Ahmed Khan,39,Female,Mymensingh
141,Rahman Sheikh,70,Male,Mymensingh
142,Ahmed Islam,34,Female,Chattogram
143,Hossain Miah,70,Male,Mymensingh
144,Hossain Ali,30,Female,Mymensingh
145,Hossain Ali,31,Female,Rajshahi
146,Rahman Sheikh,74,Female,Chattogram
147,Ahmed Miah,69,Male,Rajshahi
148,Rahman Miah,18,Female,Chattogram
149,Karim Ali,47,Male,Rajshahi
150,Hossain Islam,50,Female,Rangpur
151,Hossain Sheikh,33,Female,Rajshahi
152,Hossain Khan,56,Male,Chattogram
153,Rahman Sheikh,39,Female,Dhaka
154,Rahman Islam,71,Female,Rajshahi
155,Hossain Miah,48,Female,Barisal
156,Chowdhury Miah,42,Female,Barisal
157,Karim Khan,54,Female,Khulna
158,Hossain Ali,38,Female,Rangpur
159,Hossain Khan,49,Male,Rajshahi
160,Chowdhury Miah,39,Male,Mymensingh
161,Ahmed Miah,47,Male,Rajshahi
162,Hossain Khan,22,Female,Sylhet
163,Rahman Miah,62,Female,Chattogram
164,Rahman Miah,42,Female,Mymensingh
165,Chowdhury Ali,57,Male,Khulna
166,Rahman Khan,65,Male,Rangpur
167,Ahmed Ali,46,Male,Sylhet
168,Ahmed Ali,38,Male,Sylhet
169,Rahman Islam,45,Male,Khulna
170,Chowdhury Sheikh,54,Male,Rajshahi
171,Karim Ali,57,Female,Khulna
172,Hossain Miah,27,Male,Mymensingh
173,Rahman Sheikh,34,Male,Mymensingh
174,Rahman Miah,28,Male,Mymensingh
175,Rahman Miah,37,Female,Sylhet
176,Hossain Islam,30,Female,Mymensingh
177,Ahmed Khan,42,Female,Sylhet
178,Rahman Ali,71,Female,Sylhet
179,Ahmed Miah,73,Male,Mymensingh
180,Rahman Khan,56,Female,Khulna
181,Karim Miah,34,Male,Chattogram
182,Ahmed Islam,68,Female,Dhaka
183,Chowdhury Islam,64,Male,Chattogram
184,Rahman Islam,65,Female,Rajshahi
185,Karim Khan,68,Female,Sylhet
186,Karim Islam,70,Female,Sylhet
187,Rahman Ali,47,Male,Rajshahi
188,Karim Sheikh,72,Female,Chattogram
189,Hossain Ali,34,Male,Mymensingh
190,Rahman Islam,55,Female,Barisal
191,Ahmed Khan,48,Male,Barisal
192,Chowdhury Khan,59,Male,Mymensingh
193,Rahman Sheikh,25,Male,Dhaka
194,Ahmed Islam,49,Male,Chattogram
195,Karim Miah,26,Female,Mymensingh
196,Rahman Miah,44,Male,Rangpur
197,Ahmed Sheikh,57,Female,Sylhet
198,Ahmed Islam,31,Female,Mymensingh
199,Karim Islam,24,Female,Barisal
200,Ahmed Sheikh,35,Male,Chattogram
201,Hossain Ali,60,Male,Dhaka
202,Ahmed Islam,33,Male,Khulna
203,Ahmed Miah,31,Male,Khulna
204,Rahman Khan,68,Male,Sylhet
205,Karim Khan,52,Female,Rajshahi
206,Ahmed Ali,26,Male,Barisal
207,Karim Miah,38,Male,Rajshahi
208,Rahman Ali,26,Female,Chattogram
209,Ahmed Sheikh,46,Female,Chattogram
210,Hossain Miah,32,Male,Sylhet
211,Hossain Ali,21,Female,Rangpur
212,Hossain Ali,49,Female,Chattogram
213,Ahmed Islam,56,Male,Chattogram
214,Karim Islam,57,Female,Rangpur
215,Chowdhury Miah,36,Female,Rangpur
216,Ahmed Ali,72,Male,Rangpur
217,Hossain Khan,44,Female,Mymensingh
218,Hossain Sheikh,64,Male,Barisal
219,Hossain Islam,60,Female,Barisal
220,Karim Sheikh,22,Male,Chattogram
221,Ahmed Sheikh,24,Female,Rajshahi
222,Chowdhury Ali,55,Female,Chattogram
223,Hossain Islam,73,Female,Dhaka
224,Rahman Miah,37,Female,Chattogram
225,Chowdhury Miah,31,Male,Mymensingh
226,Karim Ali,40,Female,Chattogram
227,Rahman Miah,32,Female,Dhaka
228,Chowdhury Islam,19,Male,Sylhet
229,Rahman Islam,40,Male,Rajshahi
230,Karim Miah,60,Female,Chattogram
231,Karim Ali,23,Male,Rangpur
232,Hossain Sheikh,39,Male,Barisal
233,Rahman Islam,67,Male,Dhaka
234,Karim Khan,66,Male,Chattogram
235,Rahman Sheikh,60,Female,Mymensingh
236,Chowdhury Sheikh,44,Female,Khulna
237,Chowdhury Ali,40,Female,Chattogram
238,Rahman Miah,49,Female,Dhaka
239,Karim Sheikh,56,Male,Dhaka
240,Karim Islam,31,Male,Sylhet
241,Rahman Islam,25,Male,Mymensingh
242,Hossain Khan,26,Female,Khulna
243,Chowdhury Miah,71,Female,Chattogram
244,Hossain Ali,45,Male,Mymensingh
245,Ahmed Islam,54,Female,Rangpur
246,Hossain Islam,25,Female,Dhaka
247,Rahman Khan,69,Female,Barisal
248,Ahmed Sheikh,72,Male,Khulna
249,Hossain Miah,43,Male,Rangpur
250,Rahman Islam,32,Female,Rajshahi
251,Ahmed Miah,58,Male,Khulna
252,Rahman Islam,64,Male,Khulna
253,Ahmed Khan,34,Male,Rajshahi
254,Chowdhury Khan,66,Male,Rajshahi
255,Hossain Sheikh,66,Female,Barisal
256,Rahman Khan,46,Male,Mymensingh
257,Hossain Islam,68,Female,Dhaka
258,Rahman Miah,22,Female,Mymensingh
259,Hossain Ali,21,Female,Sylhet
260,Ahmed Ali,57,Female,Mymensingh
261,Chowdhury Miah,68,Male,Mymensingh
262,Chowdhury Khan,38,Female,Rajshahi
263,Ahmed Sheikh,24,Female,Chattogram
264,Chowdhury Khan,20,Male,Mymensingh
265,Hossain Miah,51,Male,Barisal
266,Rahman Islam,42,Female,Barisal
267,Chowdhury Ali,68,Female,Chattogram
268,Rahman Ali,53,Female,Sylhet
269,Rahman Miah,73,Male,Barisal
270,Ahmed Miah,60,Male,Barisal
271,Rahman Sheikh,26,Male,Sylhet
272,Chowdhury Sheikh,59,Female,Rajshahi
273,Chowdhury Ali,59,Female,Barisal
274,Ahmed Islam,37,Male,Khulna
275,Rahman Sheikh,30,Male,Rajshahi
276,Karim Ali,36,Male,Dhaka
277,Rahman Miah,26,Female,Rajshahi
278,Karim Khan,71,Male,Mymensingh
279,Ahmed Sheikh,41,Male,Mymensingh
280,Chowdhury Islam,66,Female,Khulna
281,Chowdhury Khan,37,Female,Khulna
282,Rahman Miah,46,Female,Sylhet
283,Hossain Miah,51,Female,Rajshahi
284,Karim Miah,26,Female,Dhaka
285,Hossain Islam,53,Male,Chattogram
286,Rahman Ali,66,Male,Sylhet
287,Hossain Miah,27,Female,Chattogram
288,Karim Sheikh,74,Female,Dhaka
289,Hossain Ali,43,Female,Khulna
290,Hossain Ali,41,Male,Dhaka
291,Rahman Ali,71,Female,Rajshahi
292,Karim Ali,36,Female,Rajshahi
293,Hossain Sheikh,57,Male,Chattogram
294,Ahmed Islam,31,Male,Rangpur
295,Ahmed Islam,33,Female,Chattogram
296,Ahmed Khan,44,Female,Chattogram
297,Ahmed Sheikh,56,Male,Khulna
298,Karim Islam,45,Male,Barisal
299,Karim Miah,44,Male,Chattogram
300,Chowdhury Islam,22,Male,Rangpur
301,Hossain Ali,58,Female,Barisal
302,Rahman Ali,40,Male,Barisal
303,Karim Ali,67,Female,Rajshahi
304,Ahmed Islam,52,Female,Rajshahi
305,Hossain Sheikh,58,Male,Rajshahi
306,Ahmed Sheikh,20,Female,Khulna
307,Ahmed Khan,74,Male,Barisal
308,Rahman Miah,43,Female,Sylhet
309,Ahmed Khan,36,Female,Dhaka
310,Rahman Islam,25,Female,Rangpur
311,Hossain Sheikh,75,Female,Barisal
312,Karim Sheikh,62,Female,Barisal
313,Chowdhury Islam,69,Male,Rangpur
314,Ahmed Sheikh,56,Male,Sylhet
315,Rahman Ali,23,Female,Sylhet
316,Rahman Sheikh,56,Female,Rajshahi
317,Hossain Islam,46,Male,Barisal
318,Chowdhury Sheikh,35,Male,Chattogram
319,Hossain Islam,50,Male,Dhaka
320,Karim Miah,61,Female,Dhaka
321,Karim Ali,33,Female,Barisal
322,Hossain Miah,20,Male,Mymensingh
323,Rahman Islam,46,Male,Rajshahi
324,Chowdhury Islam,43,Female,Sylhet
325,Karim Ali,19,Male,Mymensingh
326,Chowdhury Sheikh,53,Male,Sylhet
327,Rahman Sheikh,31,Female,Mymensingh
328,Karim Ali,26,Male,Mymensingh
329,Karim Sheikh,23,Female,Barisal
330,Ahmed Miah,52,Female,Sylhet
331,Karim Khan,68,Female,Khulna
332,Ahmed Khan,68,Male,Khulna
333,Hossain Ali,41,Female,Mymensingh
334,Chowdhury Khan,57,Male,Chattogram
335,Rahman Sheikh,63,Female,Rangpur
336,Hossain Miah,22,Male,Barisal
337,Ahmed Sheikh,47,Female,Rajshahi
338,Chowdhury Miah,29,Male,Rangpur
339,Chowdhury Ali,71,Male,Rajshahi
340,Rahman Khan,28,Female,Khulna
341,Rahman Miah,75,Female,Chattogram
342,Rahman Khan,58,Female,Rajshahi
343,Rahman Miah,52,Male,Rajshahi
344,Chowdhury Miah,27,Male,Barisal
345,Chowdhury Ali,70,Male,Chattogram
346,Ahmed Miah,34,Male,Rangpur
347,Chowdhury Ali,49,Female,Sylhet
348,Hossain Khan,69,Female,Sylhet
349,Hossain Ali,62,Male,Rajshahi
350,Hossain Sheikh,48,Female,Khulna
351,Rahman Miah,27,Female,Barisal
352,Rahman Sheikh,26,Female,Chattogram
353,Rahman Khan,47,Male,Sylhet
354,Hossain Khan,27,Male,Dhaka
355,Rahman Sheikh,73,Female,Khulna
356,Karim Islam,54,Female,Khulna
357,Karim Sheikh,50,Female,Mymensingh
358,Rahman Sheikh,19,Male,Rangpur
359,Chowdhury Sheikh,33,Male,Barisal
360,Ahmed Ali,36,Female,Mymensingh
361,Rahman Miah,18,Male,Rangpur
362,Karim Islam,64,Female,Rangpur
363,Rahman Ali,43,Male,Khulna
364,Rahman Miah,36,Male,Rangpur
365,Chowdhury Sheikh,66,Female,Chattogram
366,Karim Ali,43,Female,Barisal
367,Chowdhury Islam,66,Male,Khulna
368,Chowdhury Miah,43,Male,Dhaka
369,Ahmed Khan,63,Female,Mymensingh
370,Chowdhury Sheikh,27,Male,Barisal
371,Chowdhury Islam,28,Female,Sylhet
372,Chowdhury Islam,50,Female,Sylhet
373,Hossain Ali,41,Female,Chattogram
374,Hossain Miah,37,Male,Mymensingh
375,Rahman Miah,54,Male,Dhaka
376,Chowdhury Sheikh,28,Female,Rajshahi
377,Karim Ali,54,Male,Khulna
378,Ahmed Sheikh,38,Female,Rajshahi
379,Hossain Khan,44,Female,Dhaka
380,Karim Miah,31,Female,Mymensingh
381,Chowdhury Sheikh,38,Male,Mymensingh
382,Chowdhury Islam,52,Female,Sylhet
383,Chowdhury Sheikh,30,Male,Sylhet
384,Chowdhury Islam,32,Female,Sylhet
385,Karim Sheikh,38,Female,Barisal
386,Chowdhury Islam,36,Male,Rangpur
387,Hossain Islam,67,Male,Sylhet
388,Ahmed Islam,63,Male,Barisal
389,Hossain Islam,65,Female,Khulna
390,Karim Miah,35,Female,Rajshahi
391,Ahmed Miah,65,Male,Khulna
392,Ahmed Miah,32,Male,Dhaka
393,Ahmed Sheikh,39,Female,Chattogram
394,Karim Ali,53,Male,Rangpur
395,Hossain Sheikh,59,Male,Sylhet
396,Rahman Islam,59,Male,Chattogram
397,Chowdhury Khan,52,Male,Rajshahi
398,Hossain Khan,20,Female,Mymensingh
399,Karim Islam,74,Male,Dhaka
400,Rahman Miah,56,Male,Barisal
401,Rahman Sheikh,59,Female,Rajshahi
402,Chowdhury Sheikh,35,Male,Chattogram
403,Rahman Khan,64,Female,Sylhet
404,Karim Ali,65,Female,Sylhet
405,Chowdhury Khan,29,Female,Rangpur
406,Chowdhury Islam,23,Female,Chattogram
407,Karim Khan,48,Female,Khulna
408,Ahmed Islam,42,Male,Mymensingh
409,Rahman Islam,37,Male,Sylhet
410,Rahman Khan,21,Male,Mymensingh
411,Rahman Khan,43,Female,Chattogram
412,Rahman Islam,57,Male,Khulna
413,Karim Sheikh,27,Female,Barisal
414,Hossain Miah,48,Male,Khulna
415,Chowdhury Ali,51,Female,Barisal
416,Ahmed Miah,25,Male,Khulna
417,Chowdhury Miah,27,Male,Barisal
418,Chowdhury Sheikh,25,Male,Mymensingh
419,Ahmed Miah,46,Male,Mymensingh
420,Karim Miah,44,Female,Dhaka
421,Chowdhury Sheikh,61,Female,Dhaka
422,Hossain Islam,70,Male,Khulna
423,Chowdhury Ali,20,Female,Barisal
424,Ahmed Miah,21,Male,Mymensingh
425,Ahmed Islam,44,Male,Rajshahi
426,Hossain Islam,75,Female,Mymensingh
427,Hossain Sheikh,23,Male,Barisal
428,Ahmed Khan,52,Female,Rajshahi
429,Karim Ali,66,Male,Sylhet
430,Hossain Miah,45,Female,Khulna
431,Karim Sheikh,40,Male,Sylhet
432,Karim Ali,20,Female,Dhaka
433,Karim Khan,22,Male,Dhaka
434,Hossain Miah,61,Male,Khulna
435,Ahmed Sheikh,46,Male,Khulna
436,Ahmed Khan,50,Female,Khulna
437,Chowdhury Islam,54,Female,Khulna
438,Rahman Khan,60,Male,Rangpur
439,Rahman Islam,21,Male,Rangpur
440,Chowdhury Sheikh,21,Female,Rangpur
441,Chowdhury Islam,62,Female,Rangpur
442,Karim Islam,42,Male,Mymensingh
443,Karim Khan,37,Male,Mymensingh
444,Ahmed Miah,44,Female,Rajshahi
445,Hossain Khan,34,Male,Barisal
446,Ahmed Sheikh,72,Female,Chattogram
447,Chowdhury Khan,21,Female,Rangpur
448,Chowdhury Miah,20,Male,Khulna
449,Chowdhury Miah,31,Female,Khulna
450,Rahman Islam,18,Male,Khulna
451,Ahmed Sheikh,33,Male,Rangpur
452,Karim Miah,38,Female,Rangpur
453,Hossain Miah,59,Female,Sylhet
454,Rahman Islam,50,Female,Mymensingh
455,Ahmed Sheikh,66,Female,Khulna
456,Rahman Islam,44,Male,Khulna
457,Karim Ali,34,Female,Sylhet
458,Karim Khan,39,Male,Rangpur
459,Chowdhury Khan,49,Female,Sylhet
460,Hossain Sheikh,47,Male,Barisal
461,Karim Khan,64,Female,Rajshahi
462,Chowdhury Ali,51,Male,Chattogram
463,Ahmed Ali,44,Male,Khulna
464,Ahmed Khan,18,Male,Mymensingh
465,Rahman Ali,57,Female,Mymensingh
466,Ahmed Ali,52,Female,Dhaka
467,Ahmed Miah,64,Female,Sylhet
468,Ahmed Miah,70,Female,Rajshahi
469,Ahmed Ali,51,Male,Khulna
470,Karim Miah,51,Female,Barisal
471,Rahman Sheikh,23,Female,Rangpur
472,Hossain Miah,33,Male,Sylhet
473,Ahmed Ali,23,Female,Rangpur
474,Hossain Miah,48,Male,Dhaka
475,Karim Ali,49,Female,Barisal
476,Chowdhury Ali,75,Male,Khulna
477,Karim Miah,48,Female,Dhaka
478,Ahmed Islam,75,Male,Rajshahi
479,Rahman Ali,31,Male,Rangpur
480,Ahmed Islam,28,Male,Rangpur
481,Chowdhury Islam,42,Male,Chattogram
482,Chowdhury Islam,21,Male,Rangpur
483,Karim Ali,39,Female,Barisal
484,Ahmed Islam,68,Female,Mymensingh
485,Karim Islam,53,Female,Rangpur
486,Karim Miah,60,Female,Chattogram
487,Chowdhury Islam,69,Male,Chattogram
488,Ahmed Islam,27,Female,Rajshahi
489,Hossain Islam,41,Male,Chattogram
490,Ahmed Islam,46,Female,Sylhet
491,Ahmed Khan,23,Male,Rangpur
492,Hossain Miah,53,Female,Chattogram
493,Ahmed Ali,40,Male,Barisal
494,Hossain Ali,36,Female,Rangpur
495,Ahmed Miah,75,Male,Rajshahi
496,Hossain Khan,26,Female,Sylhet
497,Rahman Sheikh,27,Male,Rajshahi
498,Hossain Islam,44,Female,Mymensingh
499,Ahmed Islam,34,Male,Mymensingh
500,Chowdhury Miah,30,Female,Chattogram
501,Karim Islam,18,Female,Barisal
502,Chowdhury Sheikh,69,Female,Mymensingh
503,Rahman Sheikh,70,Male,Sylhet
504,Rahman Miah,62,Male,Mymensingh
505,Rahman Khan,43,Female,Sylhet
506,Hossain Miah,68,Male,Barisal
507,Hossain Islam,70,Female,Barisal
508,Ahmed Miah,30,Male,Dhaka
509,Hossain Khan,46,Female,Chattogram
510,Hossain Sheikh,26,Female,Khulna
511,Rahman Khan,63,Female,Rangpur
512,Ahmed Sheikh,56,Female,Rangpur
513,Chowdhury Miah,73,Female,Dhaka
514,Rahman Miah,56,Male,Chattogram
515,Karim Islam,28,Male,Rangpur
516,Rahman Sheikh,24,Male,Chattogram
517,Rahman Khan,50,Male,Mymensingh
518,Rahman Sheikh,47,Male,Barisal
519,Ahmed Sheikh,24,Female,Rangpur
520,Ahmed Ali,71,Male,Barisal
521,Rahman Islam,47,Male,Mymensingh
522,Rahman Sheikh,24,Female,Mymensingh
523,Rahman Ali,37,Male,Chattogram
524,Ahmed Islam,59,Male,Rajshahi
525,Karim Miah,29,Male,Barisal
526,Chowdhury Sheikh,47,Male,Rangpur
527,Karim Khan,58,Female,Rangpur
528,Ahmed Miah,74,Male,Mymensingh
529,Chowdhury Sheikh,42,Male,Khulna
530,Karim Islam,66,Male,Chattogram
531,Chowdhury Khan,41,Female,Khulna
532,Hossain Ali,34,Female,Barisal
533,Chowdhury Sheikh,57,Female,Chattogram
534,Rahman Islam,72,Female,Rajshahi
535,Rahman Miah,55,Male,Rajshahi
536,Rahman Ali,33,Female,Chattogram
537,Karim Islam,62,Male,Rangpur
538,Hossain Miah,26,Female,Rangpur
539,Karim Sheikh,58,Male,Rajshahi
540,Hossain Islam,26,Male,Barisal
541,Hossain Miah,21,Female,Dhaka
542,Hossain Khan,30,Female,Mymensingh
543,Hossain Sheikh,44,Female,Mymensingh
544,Karim Ali,54,Male,Khulna
545,Rahman Ali,35,Male,Sylhet
546,Karim Sheikh,54,Female,Chattogram
547,Chowdhury Ali,35,Female,Dhaka
548,Hossain Miah,31,Female,Chattogram
549,Karim Islam,73,Male,Mymensingh
550,Rahman Islam,73,Male,Mymensingh
551,Ahmed Khan,31,Female,Rangpur
552,Karim Miah,26,Male,Khulna
553,Ahmed Miah,40,Female,Rajshahi
554,Rahman Islam,36,Female,Chattogram
555,Karim Sheikh,21,Female,Rajshahi
556,Karim Khan,27,Female,Khulna
557,Hossain Sheikh,27,Female,Rangpur
558,Hossain Sheikh,22,Male,Rangpur
559,Chowdhury Islam,62,Female,Mymensingh
560,Hossain Islam,55,Male,Chattogram
561,Hossain Islam,72,Male,Rangpur
562,Karim Sheikh,70,Male,Mymensingh
563,Rahman Islam,71,Female,Barisal
564,Chowdhury Miah,26,Female,Barisal
565,Ahmed Ali,24,Female,Dhaka
566,Ahmed Khan,46,Female,Dhaka
567,Hossain Khan,62,Male,Sylhet
568,Karim Islam,23,Female,Sylhet
569,Ahmed Islam,60,Male,Dhaka
570,Hossain Islam,64,Male,Rangpur
571,Ahmed Ali,18,Male,Mymensingh
572,Ahmed Khan,55,Male,Mymensingh
573,Ahmed Ali,62,Female,Chattogram
574,Hossain Khan,48,Male,Khulna
575,Hossain Ali,64,Male,Chattogram
576,Rahman Islam,74,Female,Rajshahi
577,Hossain Khan,59,Male,Chattogram
578,Chowdhury Miah,18,Male,Mymensingh
579,Rahman Khan,58,Male,Rangpur
580,Chowdhury Sheikh,73,Male,Chattogram
581,Ahmed Khan,66,Male,Rangpur
582,Rahman Sheikh,38,Male,Khulna
583,Rahman Ali,33,Female,Dhaka
584,Rahman Khan,51,Male,Rangpur
585,Rahman Ali,68,Male,Mymensingh
586,Hossain Ali,33,Female,Chattogram
587,Chowdhury Ali,41,Female,Rajshahi
588,Hossain Miah,44,Female,Rajshahi
589,Hossain Ali,19,Male,Dhaka
590,Rahman Khan,20,Male,Rangpur
591,Chowdhury Islam,58,Female,Rangpur
592,Hossain Ali,58,Male,Sylhet
593,Ahmed Islam,23,Male,Rajshahi
594,Chowdhury Islam,43,Male,Sylhet
595,Hossain Khan,21,Male,Chattogram
596,Hossain Ali,47,Male,Sylhet
597,Karim Ali,18,Male,Dhaka
598,Karim Sheikh,40,Female,Rajshahi
599,Rahman Khan,65,Female,Chattogram
600,Ahmed Islam,69,Female,Sylhet
601,Chowdhury Ali,34,Male,Mymensingh
602,Hossain Miah,41,Male,Mymensingh
603,Chowdhury Khan,41,Male,Sylhet
604,Ahmed Miah,61,Male,Khulna
605,Chowdhury Ali,20,Male,Khulna
606,Ahmed Sheikh,41,Female,Rajshahi
607,Karim Ali,53,Female,Khulna
608,Rahman Khan,44,Female,Sylhet
609,Ahmed Miah,41,Male,Dhaka
610,Karim Khan,69,Male,Rangpur
611,Ahmed Sheikh,73,Female,Sylhet
612,Rahman Ali,53,Female,Dhaka
613,Rahman Khan,36,Female,Khulna
614,Hossain Islam,55,Female,Khulna
615,Chowdhury Khan,27,Male,Rangpur
616,Ahmed Khan,52,Female,Dhaka
617,Rahman Ali,66,Female,Sylhet
618,Ahmed Khan,51,Male,Rangpur
619,Hossain Ali,27,Female,Chattogram
620,Ahmed Khan,75,Female,Barisal
621,Hossain Ali,55,Male,Rajshahi
622,Hossain Ali,55,Male,Rangpur
623,Karim Khan,36,Female,Barisal
624,Hossain Islam,38,Female,Sylhet
625,Karim Ali,30,Male,Chattogram
626,Karim Ali,28,Female,Mymensingh
627,Rahman Sheikh,25,Female,Khulna
628,Hossain Islam,47,Female,Chattogram
629,Ahmed Khan,69,Female,Dhaka
630,Karim Islam,27,Male,Khulna
631,Rahman Sheikh,50,Male,Sylhet
632,Rahman Khan,19,Female,Mymensingh
633,Chowdhury Miah,33,Male,Mymensingh
634,Ahmed Khan,25,Male,Dhaka
635,Karim Khan,30,Female,Barisal
636,Ahmed Miah,55,Female,Chattogram
637,Ahmed Ali,30,Female,Rajshahi
638,Ahmed Islam,25,Male,Mymensingh
639,Ahmed Khan,54,Female,Rangpur
640,Hossain Ali,42,Female,Rajshahi
641,Rahman Khan,29,Female,Sylhet
642,Hossain Khan,20,Male,Sylhet
643,Hossain Sheikh,74,Female,Dhaka
644,Ahmed Islam,42,Male,Rangpur
645,Karim Miah,33,Male,Rangpur
646,Rahman Sheikh,52,Female,Barisal
647,Chowdhury Miah,38,Female,Sylhet
648,Karim Ali,38,Male,Dhaka
649,Rahman Ali,69,Female,Barisal
650,Chowdhury Khan,28,Male,Khulna
651,Karim Islam,52,Male,Khulna
652,Chowdhury Sheikh,40,Male,Rajshahi
653,Karim Miah,38,Female,Dhaka
654,Rahman Miah,54,Male,Khulna
655,Hossain Miah,37,Male,Mymensingh
656,Ahmed Ali,21,Male,Khulna
657,Ahmed Miah,48,Male,Barisal
658,Chowdhury Khan,69,Male,Barisal
659,Karim Islam,21,Male,Rajshahi
660,Chowdhury Khan,67,Male,Barisal
661,Ahmed Islam,63,Female,Chattogram
662,Rahman Islam,38,Male,Rajshahi
663,Hossain Sheikh,59,Female,Rajshahi
664,Chowdhury Miah,68,Female,Khulna
665,Chowdhury Khan,42,Female,Sylhet
666,Karim Khan,64,Male,Rangpur
667,Chowdhury Ali,29,Female,Khulna
668,Chowdhury Ali,49,Male,Barisal
669,Ahmed Khan,40,Female,Rajshahi
670,Ahmed Islam,46,Male,Sylhet
671,Karim Khan,62,Male,Barisal
672,Rahman Ali,64,Male,Dhaka
673,Hossain Sheikh,64,Female,Rajshahi
674,Hossain Sheikh,74,Female,Barisal
675,Chowdhury Sheikh,24,Female,Khulna
676,Karim Sheikh,22,Male,Sylhet
677,Ahmed Islam,34,Male,Chattogram
678,Rahman Khan,74,Female,Rajshahi
679,Ahmed Miah,75,Male,Barisal
680,Chowdhury Miah,75,Female,Dhaka
681,Hossain Khan,56,Female,Rajshahi
682,Ahmed Ali,39,Male,Khulna
683,Hossain Miah,64,Female,Sylhet
684,Rahman Khan,24,Male,Rangpur
685,Chowdhury Miah,71,Female,Rajshahi
686,Ahmed Islam,18,Female,Chattogram
687,Rahman Miah,48,Male,Chattogram
688,Ahmed Khan,28,Female,Chattogram
689,Hossain Ali,37,Female,Mymensingh
690,Hossain Islam,23,Female,Rajshahi
691,Rahman Sheikh,41,Male,Mymensingh
692,Ahmed Islam,46,Female,Sylhet
693,Karim Islam,54,Male,Rajshahi
694,Ahmed Ali,60,Female,Rangpur
695,Chowdhury Khan,53,Male,Rangpur
696,Chowdhury Sheikh,52,Female,Khulna
697,Hossain Islam,23,Female,Dhaka
698,Chowdhury Miah,75,Male,Chattogram
699,Hossain Khan,28,Male,Khulna
700,Karim Ali,45,Male,Rangpur
701,Karim Khan,71,Female,Barisal
702,Ahmed Ali,42,Female,Barisal
703,Rahman Miah,47,Male,Rangpur
704,Ahmed Sheikh,27,Male,Chattogram
705,Ahmed Miah,67,Male,Sylhet
706,Chowdhury Islam,74,Female,Sylhet
707,Hossain Sheikh,54,Female,Dhaka
708,Karim Islam,43,Male,Rangpur
709,Ahmed Sheikh,74,Female,Khulna
710,Ahmed Sheikh,35,Female,Dhaka
711,Rahman Islam,37,Female,Mymensingh
712,Ahmed Khan,26,Female,Mymensingh
713,Rahman Islam,64,Female,Chattogram
714,Karim Sheikh,31,Female,Mymensingh
715,Chowdhury Islam,70,Male,Rajshahi
716,Ahmed Islam,63,Female,Rajshahi
717,Chowdhury Miah,19,Male,Khulna
718,Karim Ali,33,Male,Mymensingh
719,Ahmed Islam,63,Male,Sylhet
720,Rahman Sheikh,50,Female,Chattogram
721,Ahmed Khan,41,Female,Mymensingh
722,Karim Sheikh,55,Female,Barisal
723,Karim Islam,65,Male,Sylhet
724,Ahmed Sheikh,21,Male,Khulna
725,Karim Khan,61,Male,Sylhet
726,Hossain Miah,19,Male,Mymensingh
727,Karim Khan,56,Male,Khulna
728,Rahman Miah,69,Female,Sylhet
729,Hossain Sheikh,72,Female,Mymensingh
730,Rahman Khan,47,Female,Rangpur
731,Chowdhury Ali,18,Female,Sylhet
732,Rahman Ali,48,Male,Barisal
733,Rahman Islam,73,Female,Sylhet
734,Rahman Khan,27,Male,Dhaka
735,Chowdhury Sheikh,60,Female,Rajshahi
736,Ahmed Sheikh,36,Female,Rangpur
737,Hossain Sheikh,65,Male,Khulna
738,Rahman Khan,61,Female,Barisal
739,Chowdhury Islam,72,Male,Rajshahi
740,Rahman Ali,48,Male,Sylhet
741,Chowdhury Khan,61,Female,Chattogram
742,Karim Islam,32,Female,Rangpur
743,Rahman Islam,34,Female,Mymensingh
744,Ahmed Sheikh,21,Male,Mymensingh
745,Karim Miah,25,Female,Sylhet
746,Hossain Ali,73,Male,Rajshahi
747,Karim Islam,44,Female,Rajshahi
748,Rahman Khan,67,Male,Mymensingh
749,Rahman Khan,38,Male,Dhaka
750,Hossain Islam,31,Male,Rajshahi
751,Hossain Ali,26,Female,Rangpur
752,Hossain Sheikh,48,Female,Dhaka
753,Ahmed Miah,30,Female,Dhaka
754,Rahman Miah,30,Male,Dhaka
755,Karim Khan,62,Female,Sylhet
756,Karim Ali,42,Female,Rajshahi
757,Ahmed Ali,37,Female,Mymensingh
758,Chowdhury Miah,51,Female,Rangpur
759,Karim Islam,75,Female,Barisal
760,Karim Khan,69,Female,Dhaka
761,Karim Khan,64,Male,Khulna
762,Ahmed Miah,50,Male,Chattogram
763,Rahman Ali,42,Female,Dhaka
764,Chowdhury Ali,60,Male,Dhaka
765,Ahmed Ali,44,Female,Rangpur
766,Ahmed Miah,34,Female,Rajshahi
767,Karim Ali,37,Female,Chattogram
768,Chowdhury Islam,57,Male,Rangpur
769,Ahmed Miah,64,Male,Sylhet
770,Ahmed Ali,49,Male,Khulna
771,Rahman Miah,30,Female,Rangpur
772,Rahman Khan,20,Female,Khulna
773,Hossain Islam,33,Male,Dhaka
774,Ahmed Ali,71,Female,Rajshahi
775,Ahmed Miah,22,Male,Sylhet
776,Karim Sheikh,36,Female,Mymensingh
777,Ahmed Ali,70,Male,Dhaka
778,Rahman Islam,69,Female,Rangpur
779,Ahmed Ali,72,Male,Dhaka
780,Karim Khan,39,Female,Mymensingh
781,Chowdhury Islam,74,Male,Barisal
782,Rahman Khan,25,Female,Rangpur
783,Hossain Islam,71,Female,Mymensingh
784,Hossain Khan,25,Male,Dhaka
785,Karim Ali,44,Female,Mymensingh
786,Karim Miah,42,Female,Dhaka
787,Karim Sheikh,49,Male,Rangpur
788,Hossain Ali,22,Female,Barisal
789,Ahmed Miah,67,Male,Barisal
790,Chowdhury Miah,62,Male,Rangpur
791,Karim Sheikh,40,Female,Rajshahi
792,Chowdhury Miah,21,Male,Rajshahi
793,Chowdhury Sheikh,72,Female,Rajshahi
794,Ahmed Sheikh,38,Male,Barisal
795,Rahman Ali,50,Male,Rangpur
796,Hossain Khan,23,Female,Mymensingh
797,Chowdhury Sheikh,23,Female,Mymensingh
798,Rahman Ali,49,Male,Chattogram
799,Hossain Sheikh,20,Male,Chattogram
800,Chowdhury Miah,58,Female,Khulna
801,Hossain Islam,41,Male,Khulna
802,Hossain Islam,53,Female,Barisal
803,Hossain Ali,24,Male,Dhaka
804,Rahman Islam,71,Female,Barisal
805,Ahmed Ali,75,Male,Mymensingh
806,Karim Sheikh,24,Female,Khulna
807,Karim Ali,72,Female,Khulna
808,Hossain Khan,63,Female,Chattogram
809,Hossain Ali,58,Male,Mymensingh
810,Hossain Miah,50,Male,Mymensingh
811,Ahmed Miah,65,Male,Rangpur
812,Chowdhury Sheikh,50,Male,Rajshahi
813,Karim Ali,42,Female,Rangpur
814,Hossain Miah,62,Male,Sylhet
815,Hossain Islam,36,Female,Rajshahi
816,Karim Sheikh,56,Female,Barisal
817,Chowdhury Khan,30,Male,Sylhet
818,Rahman Khan,63,Male,Barisal
819,Ahmed Islam,53,Female,Rangpur
820,Chowdhury Islam,74,Female,Dhaka
821,Chowdhury Ali,19,Female,Rajshahi
822,Ahmed Ali,30,Female,Rajshahi
823,Rahman Islam,27,Male,Sylhet
824,Karim Miah,20,Female,Mymensingh
825,Ahmed Miah,73,Male,Rangpur
826,Karim Miah,68,Female,Dhaka
827,Hossain Sheikh,44,Female,Dhaka
828,Ahmed Islam,30,Female,Khulna
829,Rahman Miah,52,Male,Khulna
830,Rahman Sheikh,29,Male,Rajshahi
831,Karim Miah,25,Female,Dhaka
832,Hossain Islam,53,Female,Rajshahi
833,Karim Miah,72,Female,Dhaka
834,Rahman Sheikh,63,Male,Dhaka
835,Karim Islam,56,Male,Sylhet
836,Hossain Miah,53,Female,Chattogram
837,Rahman Miah,32,Male,Chattogram
838,Chowdhury Khan,44,Female,Chattogram
839,Rahman Khan,74,Male,Barisal
840,Rahman Islam,36,Male,Mymensingh
841,Chowdhury Ali,25,Female,Mymensingh
842,Karim Miah,57,Male,Dhaka
843,Rahman Sheikh,68,Male,Rangpur
844,Rahman Miah,64,Female,Dhaka
845,Chowdhury Islam,50,Female,Mymensingh
846,Ahmed Islam,75,Male,Barisal
847,Chowdhury Ali,24,Male,Dhaka
848,Ahmed Khan,60,Male,Rangpur
849,Ahmed Khan,52,Female,Chattogram
850,Karim Ali,47,Female,Dhaka
851,Ahmed Ali,21,Male,Sylhet
852,Chowdhury Ali,54,Male,Sylhet
853,Hossain Sheikh,46,Female,Rangpur
854,Rahman Ali,42,Male,Dhaka
855,Chowdhury Ali,66,Male,Chattogram
856,Rahman Miah,24,Female,Sylhet
857,Chowdhury Ali,36,Female,Rangpur
858,Hossain Ali,48,Male,Khulna
859,Karim Sheikh,68,Female,Rajshahi
860,Rahman Islam,18,Male,Chattogram
861,Ahmed Ali,54,Female,Chattogram
862,Rahman Khan,65,Female,Khulna
863,Hossain Miah,27,Male,Rajshahi
864,Karim Miah,71,Female,Khulna
865,Ahmed Khan,60,Male,Mymensingh
866,Chowdhury Ali,36,Male,Sylhet
867,Ahmed Khan,64,Female,Barisal
868,Rahman Khan,60,Male,Chattogram
869,Rahman Miah,22,Male,Barisal
870,Hossain Sheikh,39,Female,Rajshahi
871,Chowdhury Miah,41,Female,Rangpur
872,Karim Ali,38,Male,Khulna
873,Hossain Islam,71,Female,Rajshahi
874,Rahman Sheikh,47,Female,Barisal
875,Rahman Sheikh,53,Male,Rajshahi
876,Chowdhury Ali,71,Female,Rajshahi
877,Chowdhury Khan,34,Male,Chattogram
878,Ahmed Miah,58,Male,Rangpur
879,Chowdhury Khan,20,Female,Mymensingh
880,Karim Islam,43,Male,Sylhet
881,Karim Sheikh,50,Male,Rangpur
882,Rahman Miah,18,Male,Rajshahi
883,Chowdhury Khan,46,Male,Rajshahi
884,Chowdhury Miah,60,Male,Mymensingh
885,Rahman Ali,32,Female,Khulna
886,Ahmed Islam,41,Male,Dhaka
887,Karim Miah,68,Female,Rangpur
888,Hossain Sheikh,74,Male,Dhaka
889,Rahman Ali,63,Female,Sylhet
890,Chowdhury Miah,54,Male,Rangpur
891,Hossain Islam,55,Male,Sylhet
892,Hossain Khan,51,Female,Barisal
893,Rahman Sheikh,68,Female,Dhaka
894,Chowdhury Khan,46,Male,Khulna
895,Ahmed Miah,59,Female,Khulna
896,Karim Khan,28,Female,Chattogram
897,Karim Sheikh,69,Female,Chattogram
898,Hossain Sheikh,48,Male,Rajshahi
899,Hossain Ali,33,Male,Rajshahi
900,Chowdhury Miah,28,Male,Dhaka
901,Chowdhury Khan,21,Male,Sylhet
902,Karim Miah,43,Male,Sylhet
903,Ahmed Khan,46,Female,Mymensingh
904,Karim Khan,71,Female,Rajshahi
905,Chowdhury Khan,57,Female,Rajshahi
906,Rahman Sheikh,56,Male,Khulna
907,Hossain Sheikh,26,Male,Dhaka
908,Karim Miah,73,Female,Rajshahi
909,Chowdhury Ali,29,Female,Dhaka
910,Chowdhury Miah,66,Male,Chattogram
911,Hossain Khan,75,Male,Rangpur
912,Chowdhury Sheikh,41,Male,Rangpur
913,Karim Sheikh,68,Female,Barisal
914,Chowdhury Miah,24,Female,Rajshahi
915,Rahman Sheikh,67,Male,Chattogram
916,Rahman Miah,74,Female,Sylhet
917,Karim Ali,63,Male,Chattogram
918,Chowdhury Ali,42,Male,Barisal
919,Hossain Islam,24,Male,Rangpur
920,Chowdhury Islam,34,Female,Barisal
921,Chowdhury Islam,61,Female,Khulna
922,Hossain Miah,68,Female,Rajshahi
923,Rahman Miah,53,Female,Sylhet
924,Rahman Miah,40,Female,Rajshahi
925,Ahmed Khan,46,Male,Chattogram
926,Karim Miah,43,Female,Dhaka
927,Karim Sheikh,58,Male,Chattogram
928,Karim Sheikh,56,Female,Chattogram
929,Ahmed Islam,32,Female,Chattogram
930,Chowdhury Ali,64,Female,Rangpur
931,Chowdhury Miah,36,Male,Rajshahi
932,Hossain Sheikh,18,Male,Sylhet
933,Karim Ali,68,Male,Rajshahi
934,Ahmed Islam,33,Male,Rajshahi
935,Ahmed Islam,67,Female,Barisal
936,Hossain Sheikh,55,Male,Dhaka
937,Ahmed Ali,53,Female,Barisal
938,Rahman Islam,32,Male,Mymensingh
939,Hossain Miah,18,Female,Rajshahi
940,Hossain Miah,24,Male,Sylhet
941,Rahman Ali,69,Female,Sylhet
942,Hossain Sheikh,54,Female,Khulna
943,Rahman Sheikh,61,Female,Dhaka
944,Hossain Ali,34,Male,Rangpur
945,Karim Khan,69,Female,Rangpur
946,Rahman Miah,52,Male,Sylhet
947,Karim Islam,23,Female,Barisal
948,Ahmed Miah,29,Female,Barisal
949,Rahman Khan,75,Female,Rajshahi
950,Karim Sheikh,65,Male,Khulna
951,Karim Islam,31,Male,Khulna
952,Karim Miah,40,Male,Chattogram
953,Ahmed Ali,61,Female,Dhaka
954,Chowdhury Ali,72,Female,Barisal
955,Chowdhury Islam,49,Female,Mymensingh
956,Karim Miah,35,Female,Khulna
957,Chowdhury Khan,21,Female,Mymensingh
958,Chowdhury Ali,50,Female,Rangpur
959,Karim Sheikh,25,Female,Barisal
960,Ahmed Ali,61,Male,Rangpur
961,Chowdhury Ali,38,Female,Sylhet
962,Karim Miah,34,Male,Sylhet
963,Hossain Miah,39,Female,Rajshahi
964,Hossain Sheikh,31,Female,Barisal
965,Rahman Sheikh,35,Female,Rajshahi
966,Chowdhury Khan,54,Male,Chattogram
967,Rahman Khan,53,Female,Rangpur
968,Karim Khan,69,Male,Mymensingh
969,Ahmed Khan,44,Female,Rajshahi
970,Chowdhury Miah,64,Female,Mymensingh
971,Rahman Islam,53,Male,Rangpur
972,Ahmed Khan,21,Male,Sylhet
973,Hossain Ali,46,Female,Sylhet
974,Rahman Islam,53,Female,Barisal
975,Ahmed Sheikh,25,Female,Khulna
976,Chowdhury Miah,59,Male,Sylhet
977,Rahman Islam,61,Female,Mymensingh
978,Ahmed Sheikh,57,Female,Mymensingh
979,Karim Khan,58,Female,Rangpur
980,Chowdhury Miah,43,Male,Chattogram
981,Karim Islam,32,Female,Barisal
982,Rahman Islam,56,Female,Sylhet
983,Hossain Islam,65,Female,Rangpur
984,Karim Khan,72,Male,Rajshahi
985,Karim Islam,65,Male,Khulna
986,Karim Sheikh,24,Male,Chattogram
987,Hossain Miah,21,Male,Rangpur
988,Chowdhury Ali,24,Female,Rajshahi
989,Ahmed Sheikh,37,Male,Khulna
990,Rahman Sheikh,58,Male,Rajshahi
991,Chowdhury Khan,19,Male,Barisal
992,Rahman Sheikh,47,Female,Mymensingh
993,Karim Miah,29,Female,Rangpur
994,Chowdhury Miah,37,Female,Mymensingh
995,Chowdhury Khan,69,Male,Mymensingh
996,Rahman Islam,44,Female,Rajshahi
997,Rahman Ali,18,Male,Barisal
998,Rahman Sheikh,52,Male,Mymensingh
999,Hossain Islam,18,Female,Sylhet
1000,Chowdhury Khan,68,Male,Barisal
