Salesperson_ID,Salesperson_Name,Role,Region_ID,Total_Sales,Performance_Score
1,Chowdhury Miah,Account Executive,2,135501.25,14
2,Rahman Miah,Regional Manager,6,53315.9,3
3,Ahmed Ali,Sales Representative,8,93018.1,90
4,Karim Khan,Sales Representative,5,188418.9,39
5,Karim Khan,Regional Manager,7,145875.16,96
6,Chowdhury Sheikh,Sales Representative,3,182708.75,17
7,Karim Sheikh,Account Executive,8,20983.63,85
8,Chowdhury Islam,Sales Representative,7,109209.74,50
9,Ahmed Khan,Account Executive,5,119351.56,48
10,Hossain Islam,Regional Manager,5,84368.85,97
11,Rahman Miah,Regional Manager,8,128471.11,73
12,Hossain Khan,Account Executive,4,194502.39,80
13,Hossain Khan,Sales Representative,7,162757.14,7
14,Chowdhury Ali,Account Executive,3,89264.36,50
15,Hossain Khan,Sales Representative,2,89551.99,46
16,Rahman Sheikh,Account Executive,7,190705.82,43
17,Hossain Miah,Regional Manager,6,72277.87,98
18,Rahman Sheikh,Regional Manager,2,198327.63,23
19,Rahman Sheikh,Regional Manager,5,11086.97,7
20,Hossain Miah,Regional Manager,6,108993.71,54
21,Chowdhury Khan,Regional Manager,1,77908.53,54
22,Hossain Islam,Regional Manager,6,30237.16,23
23,Rahman Islam,Regional Manager,2,156269.64,76
24,Chowdhury Sheikh,Regional Manager,1,37306.86,26
25,Karim Miah,Regional Manager,7,13227.83,100
26,Karim Islam,Regional Manager,1,148736.06,58
27,Ahmed Khan,Regional Manager,4,18660.56,80
28,Rahman Islam,Sales Representative,4,107411.96,53
29,Ahmed Khan,Sales Representative,6,148951.18,70
30,Chowdhury Miah,Sales Representative,1,196792.66,100
31,Rahman Ali,Sales Representative,5,136914.95,2
32,Chowdhury Sheikh,Account Executive,2,166497.78,61
33,Chowdhury Sheikh,Account Executive,8,35636.6,35
34,Rahman Khan,Account Executive,5,30808.02,47
35,Hossain Miah,Regional Manager,1,66776.58,6
36,Hossain Khan,Regional Manager,7,152840.49,63
37,Rahman Miah,Sales Representative,6,104670.42,82
38,Karim Miah,Regional Manager,1,178771.52,75
39,Chowdhury Ali,Sales Representative,7,10207.05,92
40,Chowdhury Islam,Regional Manager,3,133627.99,6
41,Karim Ali,Regional Manager,3,73103.47,36
42,Chowdhury Ali,Regional Manager,4,170432.96,20
43,Ahmed Khan,Sales Representative,8,136347.7,61
44,Rahman Miah,Regional Manager,8,78889.1,47
45,Ahmed Islam,Sales Representative,7,150184.67,88
46,Chowdhury Khan,Sales Representative,1,105163.45,97
47,Karim Miah,Regional Manager,7,142302.96,36
48,Ahmed Miah,Regional Manager,3,56491.59,99
49,Karim Khan,Regional Manager,1,149997.45,47
50,Chowdhury Sheikh,Account Executive,5,41491.81,54
51,Hossain Islam,Account Executive,4,28744.83,57
52,Karim Ali,Regional Manager,7,44540.73,76
53,Karim Ali,Regional Manager,2,196527.94,68
54,Ahmed Sheikh,Account Executive,3,66031.2,19
55,Hossain Islam,Regional Manager,5,88720.7,71
56,Chowdhury Ali,Regional Manager,3,54757.65,59
57,Karim Khan,Account Executive,8,32618.95,80
58,Chowdhury Miah,Sales Representative,3,177941.66,30
59,Hossain Miah,Sales Representative,1,144601.59,98
60,Hossain Islam,Regional Manager,8,20569.48,71
61,Rahman Sheikh,Regional Manager,6,143620.72,10
62,Hossain Sheikh,Regional Manager,6,69636.16,76
63,Chowdhury Ali,Account Executive,1,170168.65,96
64,Karim Sheikh,Account Executive,2,77021.05,9
65,Rahman Sheikh,Account Executive,1,115987.01,39
66,Rahman Miah,Account Executive,7,41853.17,71
67,Karim Miah,Regional Manager,8,88094.73,68
68,Ahmed Khan,Sales Representative,8,85732.8,20
69,Karim Miah,Regional Manager,2,44277.27,81
70,Chowdhury Ali,Account Executive,6,150263.27,71
71,Chowdhury Ali,Sales Representative,7,170993.56,98
72,Ahmed Miah,Sales Representative,1,133282.64,63
73,Ahmed Sheikh,Regional Manager,1,175884.5,7
74,Hossain Miah,Sales Representative,4,101399.05,19
75,Chowdhury Miah,Sales Representative,7,115123.06,30
76,Karim Islam,Account Executive,7,135657.06,78
77,Hossain Ali,Sales Representative,6,18405.36,63
78,Rahman Sheikh,Account Executive,7,173827.92,94
79,Karim Khan,Regional Manager,6,141198.23,2
80,Hossain Sheikh,Sales Representative,2,155529.01,85
81,Karim Ali,Regional Manager,6,74650.09,6
82,Rahman Sheikh,Account Executive,1,77920.52,83
83,Ahmed Miah,Regional Manager,4,108149.87,91
84,Rahman Islam,Sales Representative,5,79852.45,66
85,Chowdhury Khan,Sales Representative,2,69159.03,40
86,Hossain Ali,Account Executive,2,152983.12,30
87,Rahman Ali,Sales Representative,7,111793.29,57
88,Ahmed Islam,Account Executive,7,165635.74,100
89,Chowdhury Miah,Sales Representative,1,120728.07,57
90,Hossain Miah,Regional Manager,1,176004.96,19
91,Karim Islam,Account Executive,5,77860.49,66
92,Rahman Islam,Regional Manager,8,119155.95,38
93,Ahmed Khan,Regional Manager,7,191217.98,3
94,Ahmed Sheikh,Sales Representative,3,126499.64,62
95,Karim Sheikh,Account Executive,4,175034.77,46
96,Chowdhury Sheikh,Regional Manager,8,144219.51,21
97,Chowdhury Khan,Account Executive,8,54369.07,66
98,Hossain Miah,Account Executive,4,145027.37,18
99,Chowdhury Ali,Regional Manager,6,185135.67,85
100,Rahman Khan,Sales Representative,4,43259.57,12
101,Hossain Islam,Sales Representative,6,129097.47,33
102,Chowdhury Khan,Account Executive,7,161448.42,4
103,Hossain Khan,Regional Manager,5,160994.74,61
104,Rahman Sheikh,Sales Representative,2,75621.61,81
105,Chowdhury Islam,Account Executive,5,133557.33,81
106,Hossain Islam,Account Executive,2,90692.01,57
107,Ahmed Islam,Sales Representative,3,180536.37,10
108,Chowdhury Ali,Regional Manager,2,132650.78,37
109,Ahmed Khan,Regional Manager,5,136852.8,50
110,Ahmed Miah,Regional Manager,4,141859.02,58
111,Rahman Ali,Account Executive,3,122383.35,93
112,Karim Miah,Regional Manager,5,136243.2,31
113,Karim Ali,Sales Representative,7,192731.21,82
114,Rahman Ali,Account Executive,7,144345.23,24
115,Ahmed Miah,Sales Representative,7,81651.2,59
116,Ahmed Miah,Account Executive,7,198090.06,53
117,Hossain Ali,Sales Representative,3,199502.56,96
118,Hossain Khan,Regional Manager,3,164148.47,5
119,Karim Khan,Sales Representative,4,61046.33,76
120,Chowdhury Ali,Sales Representative,4,147787.62,55
121,Chowdhury Khan,Regional Manager,8,78035.85,95
122,Ahmed Ali,Regional Manager,8,126710.96,42
123,Karim Islam,Regional Manager,7,32856.55,38
124,Ahmed Miah,Sales Representative,4,56609.51,45
125,Ahmed Sheikh,Regional Manager,7,182513.47,56
126,Rahman Khan,Regional Manager,1,30908.3,50
127,Karim Sheikh,Sales Representative,7,51455.2,73
128,Chowdhury Islam,Account Executive,7,179789.3,82
129,Rahman Islam,Account Executive,3,131478.17,63
130,Hossain Sheikh,Regional Manager,2,66739.81,6
131,Ahmed Khan,Account Executive,6,10471.23,23
132,Rahman Islam,Sales Representative,4,168031.26,35
133,Rahman Islam,Account Executive,7,101411.12,24
134,Chowdhury Miah,Sales Representative,1,67131.11,97
135,Karim Khan,Sales Representative,5,185778.77,36
136,Hossain Ali,Regional Manager,8,65558.04,26
137,Karim Islam,Sales Representative,2,59535.73,76
138,Hossain Miah,Account Executive,8,122032.63,41
139,Karim Ali,Sales Representative,1,65007.51,75
140,Rahman Islam,Sales Representative,8,104153.95,56
141,Hossain Ali,Account Executive,4,19835.83,68
142,Rahman Miah,Sales Representative,1,28982.0,90
143,Chowdhury Sheikh,Sales Representative,2,69283.77,75
144,Ahmed Islam,Sales Representative,2,57532.42,56
145,Hossain Miah,Regional Manager,3,129948.39,2
146,Hossain Miah,Sales Representative,8,28490.38,79
147,Hossain Miah,Regional Manager,7,67226.54,43
148,Hossain Ali,Regional Manager,1,37129.7,55
149,Chowdhury Khan,Sales Representative,2,80734.67,34
150,Karim Khan,Sales Representative,7,16315.67,24
151,Karim Ali,Sales Representative,7,176112.96,83
152,Rahman Ali,Account Executive,6,183947.36,18
153,Karim Islam,Account Executive,2,28209.15,20
154,Ahmed Sheikh,Regional Manager,8,16966.95,41
155,Ahmed Islam,Regional Manager,3,13627.73,52
156,Hossain Khan,Sales Representative,3,34457.75,18
157,Rahman Ali,Sales Representative,6,54100.36,76
158,Karim Khan,Account Executive,3,18966.39,49
159,Karim Ali,Sales Representative,1,171563.91,15
160,Karim Islam,Account Executive,5,49724.42,74
161,Ahmed Khan,Sales Representative,3,79087.27,67
162,Hossain Ali,Sales Representative,3,56218.83,77
163,Rahman Islam,Regional Manager,5,73318.75,28
164,Rahman Khan,Account Executive,7,66696.2,39
165,Chowdhury Sheikh,Regional Manager,1,42919.9,75
166,Chowdhury Sheikh,Regional Manager,4,60848.31,96
167,Ahmed Miah,Regional Manager,4,93080.43,59
168,Hossain Khan,Regional Manager,6,43695.92,61
169,Karim Islam,Regional Manager,2,73575.59,23
170,Hossain Sheikh,Regional Manager,6,116916.9,9
171,Rahman Sheikh,Regional Manager,3,80249.07,32
172,Chowdhury Ali,Account Executive,7,89132.93,14
173,Rahman Sheikh,Regional Manager,4,57350.58,75
174,Rahman Khan,Regional Manager,8,157716.39,35
175,Hossain Sheikh,Account Executive,6,136715.44,44
176,Karim Miah,Account Executive,7,34183.54,82
177,Chowdhury Miah,Regional Manager,4,39278.23,26
178,Hossain Sheikh,Account Executive,3,66583.94,44
179,Hossain Ali,Sales Representative,8,174048.15,90
180,Hossain Khan,Account Executive,4,71556.5,28
181,Rahman Sheikh,Account Executive,6,105040.14,55
182,Karim Miah,Sales Representative,7,159110.53,51
183,Chowdhury Khan,Regional Manager,8,122145.16,31
184,Chowdhury Miah,Account Executive,2,88903.31,46
185,Karim Miah,Sales Representative,2,84793.77,66
186,Karim Sheikh,Sales Representative,1,56520.19,64
187,Karim Sheikh,Sales Representative,7,21196.84,89
188,Karim Ali,Sales Representative,5,111898.04,55
189,Hossain Miah,Account Executive,1,115627.07,18
190,Hossain Islam,Account Executive,4,32386.68,16
191,Rahman Sheikh,Sales Representative,5,158769.47,57
192,Hossain Khan,Regional Manager,5,169282.44,96
193,Chowdhury Khan,Regional Manager,5,75449.81,52
194,Karim Khan,Account Executive,2,97401.8,96
195,Chowdhury Miah,Account Executive,5,12156.15,51
196,Chowdhury Islam,Account Executive,2,198760.41,15
197,Karim Sheikh,Account Executive,7,146535.0,73
198,Hossain Ali,Account Executive,7,95784.59,87
199,Ahmed Sheikh,Account Executive,4,51505.66,29
200,Chowdhury Ali,Sales Representative,2,191627.19,14
201,Karim Islam,Account Executive,1,31581.83,100
202,Karim Miah,Account Executive,5,148962.51,5
203,Ahmed Khan,Sales Representative,4,61713.32,35
204,Karim Sheikh,Account Executive,7,168313.84,85
205,Karim Islam,Account Executive,2,63474.9,73
206,Chowdhury Islam,Sales Representative,1,191452.55,56
207,Hossain Miah,Sales Representative,1,24043.55,33
208,Chowdhury Ali,Sales Representative,7,11980.17,37
209,Chowdhury Miah,Account Executive,2,156615.22,7
210,Rahman Khan,Sales Representative,3,110631.0,54
211,Hossain Ali,Regional Manager,1,152118.05,10
212,Chowdhury Miah,Sales Representative,4,65475.83,16
213,Karim Islam,Account Executive,6,67449.05,34
214,Karim Ali,Sales Representative,6,47521.54,55
215,Ahmed Sheikh,Account Executive,2,102276.06,76
216,Ahmed Khan,Account Executive,7,21164.53,42
217,Hossain Ali,Account Executive,2,160235.98,15
218,Karim Khan,Account Executive,2,120763.69,40
219,Ahmed Khan,Regional Manager,8,137111.31,1
220,Karim Miah,Account Executive,2,64972.35,16
221,Karim Miah,Regional Manager,5,70251.62,63
222,Ahmed Miah,Sales Representative,7,100523.0,66
223,Rahman Sheikh,Regional Manager,5,173435.4,25
224,Chowdhury Ali,Sales Representative,2,17126.75,82
225,Hossain Islam,Account Executive,2,134948.05,49
226,Ahmed Miah,Regional Manager,3,57405.68,20
227,Ahmed Islam,Regional Manager,1,24465.68,31
228,Ahmed Islam,Sales Representative,6,19765.84,77
229,Hossain Khan,Regional Manager,2,87238.79,33
230,Rahman Islam,Sales Representative,6,43345.07,84
231,Hossain Islam,Sales Representative,1,36396.83,47
232,Rahman Sheikh,Account Executive,2,187505.07,60
233,Chowdhury Miah,Account Executive,5,108913.32,46
234,Hossain Sheikh,Account Executive,5,106269.88,77
235,Karim Ali,Sales Representative,6,30133.71,81
236,Rahman Sheikh,Regional Manager,6,188425.22,52
237,Karim Islam,Regional Manager,5,178437.41,24
238,Hossain Ali,Regional Manager,3,84046.09,18
239,Rahman Sheikh,Regional Manager,1,59208.2,2
240,Hossain Ali,Account Executive,1,25770.59,84
241,Rahman Ali,Sales Representative,1,197497.44,49
242,Chowdhury Sheikh,Sales Representative,5,17699.8,90
243,Chowdhury Sheikh,Sales Representative,1,10651.77,82
244,Hossain Sheikh,Account Executive,1,137740.0,98
245,Ahmed Sheikh,Sales Representative,3,11464.46,53
246,Karim Khan,Account Executive,2,33125.78,85
247,Karim Khan,Sales Representative,3,114920.7,24
248,Karim Miah,Sales Representative,5,12502.48,36
249,Hossain Islam,Sales Representative,4,78004.01,78
250,Chowdhury Miah,Regional Manager,1,10244.88,12
251,Ahmed Miah,Regional Manager,8,125014.51,15
252,Karim Islam,Sales Representative,2,187842.38,45
253,Ahmed Islam,Sales Representative,6,193764.6,57
254,Karim Khan,Account Executive,3,185471.79,1
255,Hossain Islam,Sales Representative,6,191735.48,72
256,Ahmed Miah,Regional Manager,4,15550.02,70
257,Ahmed Ali,Sales Representative,5,29442.07,37
258,Rahman Khan,Regional Manager,2,126520.24,98
259,Karim Miah,Sales Representative,5,64703.13,72
260,Hossain Sheikh,Regional Manager,3,114614.51,23
261,Ahmed Miah,Account Executive,4,14288.84,29
262,Rahman Sheikh,Account Executive,1,138000.83,30
263,Hossain Miah,Account Executive,2,136850.53,13
264,Karim Miah,Account Executive,8,57610.39,31
265,Hossain Miah,Account Executive,1,70597.93,43
266,Chowdhury Islam,Regional Manager,8,159007.09,76
267,Chowdhury Islam,Account Executive,1,113498.94,36
268,Karim Miah,Account Executive,1,168481.96,78
269,Hossain Miah,Account Executive,1,140999.39,46
270,Karim Miah,Account Executive,7,12806.81,9
271,Ahmed Sheikh,Regional Manager,7,97342.57,30
272,Hossain Islam,Regional Manager,8,179799.18,11
273,Hossain Islam,Sales Representative,8,88731.15,29
274,Hossain Miah,Sales Representative,5,121671.72,71
275,Ahmed Khan,Regional Manager,4,130653.47,66
276,Rahman Khan,Regional Manager,7,127033.39,21
277,Chowdhury Sheikh,Regional Manager,5,67245.86,100
278,Hossain Khan,Regional Manager,1,110985.71,87
279,Karim Khan,Account Executive,3,181181.28,23
280,Karim Islam,Account Executive,1,155690.55,36
281,Ahmed Sheikh,Account Executive,3,68484.7,93
282,Rahman Islam,Sales Representative,7,124066.99,42
283,Chowdhury Islam,Regional Manager,8,63539.84,75
284,Ahmed Sheikh,Sales Representative,8,116988.92,49
285,Ahmed Khan,Regional Manager,3,80095.3,8
286,Karim Khan,Sales Representative,3,127910.7,44
287,Chowdhury Islam,Regional Manager,3,186874.32,11
288,Rahman Miah,Sales Representative,7,53008.37,36
289,Ahmed Khan,Account Executive,7,84538.9,89
290,Chowdhury Miah,Sales Representative,8,40007.01,63
291,Rahman Khan,Account Executive,3,167551.86,4
292,Rahman Ali,Regional Manager,8,112899.08,99
293,Karim Ali,Regional Manager,4,122164.65,52
294,Hossain Miah,Sales Representative,8,173103.2,1
295,Hossain Khan,Sales Representative,6,152789.61,28
296,Ahmed Khan,Account Executive,3,105021.22,39
297,Chowdhury Islam,Sales Representative,3,38732.51,54
298,Ahmed Miah,Sales Representative,2,119526.3,83
299,Karim Khan,Regional Manager,4,102987.72,63
300,Ahmed Miah,Sales Representative,1,21045.62,3
301,Karim Miah,Account Executive,6,91754.51,49
302,Karim Khan,Regional Manager,7,145953.0,87
303,Rahman Sheikh,Sales Representative,6,77240.5,77
304,Rahman Ali,Account Executive,8,120079.75,80
305,Karim Khan,Sales Representative,5,160845.15,45
306,Karim Khan,Account Executive,4,25740.32,50
307,Hossain Sheikh,Account Executive,2,64124.13,49
308,Rahman Sheikh,Account Executive,5,169194.69,57
309,Ahmed Ali,Account Executive,5,189546.37,46
310,Karim Miah,Account Executive,2,184799.37,86
311,Hossain Sheikh,Regional Manager,7,145184.7,44
312,Ahmed Islam,Sales Representative,8,133139.5,98
313,Hossain Ali,Sales Representative,1,158913.17,21
314,Chowdhury Ali,Account Executive,6,100590.12,8
315,Hossain Ali,Account Executive,1,39617.14,32
316,Ahmed Ali,Regional Manager,8,128952.08,88
317,Hossain Ali,Regional Manager,8,130196.11,27
318,Rahman Khan,Sales Representative,3,47700.28,63
319,Ahmed Miah,Regional Manager,3,23606.34,18
320,Hossain Miah,Account Executive,5,132953.09,48
321,Hossain Khan,Regional Manager,2,25794.02,20
322,Chowdhury Islam,Sales Representative,1,17608.05,96
323,Karim Sheikh,Regional Manager,4,118261.54,69
324,Chowdhury Khan,Sales Representative,2,49364.02,34
325,Hossain Islam,Account Executive,7,82197.99,27
326,Karim Sheikh,Account Executive,5,29623.49,85
327,Chowdhury Khan,Account Executive,8,88419.56,73
328,Ahmed Islam,Sales Representative,3,17836.38,13
329,Rahman Ali,Regional Manager,6,41096.82,55
330,Hossain Islam,Sales Representative,7,94572.12,29
331,Rahman Ali,Sales Representative,8,44784.95,36
332,Rahman Islam,Sales Representative,4,102911.7,47
333,Hossain Islam,Regional Manager,8,195711.29,34
334,Chowdhury Sheikh,Account Executive,5,121849.31,21
335,Karim Islam,Account Executive,5,144549.98,16
336,Ahmed Islam,Regional Manager,3,69831.27,53
337,Chowdhury Khan,Account Executive,7,72128.3,69
338,Rahman Ali,Sales Representative,1,174609.92,99
339,Karim Sheikh,Regional Manager,8,44071.39,30
340,Rahman Ali,Account Executive,8,121018.29,28
341,Rahman Islam,Sales Representative,2,34888.18,15
342,Rahman Sheikh,Account Executive,6,181196.53,24
343,Karim Khan,Regional Manager,8,97679.13,89
344,Ahmed Islam,Regional Manager,8,147377.52,60
345,Karim Islam,Sales Representative,5,142641.75,7
346,Hossain Ali,Sales Representative,4,133448.71,68
347,Karim Ali,Regional Manager,8,115545.11,19
348,Karim Khan,Regional Manager,3,141748.95,73
349,Rahman Islam,Sales Representative,7,102765.16,99
350,Hossain Ali,Regional Manager,4,87329.27,29
351,Karim Miah,Regional Manager,4,10825.42,9
352,Karim Khan,Sales Representative,1,179354.85,93
353,Chowdhury Islam,Account Executive,5,34035.04,33
354,Chowdhury Khan,Sales Representative,4,90343.33,58
355,Chowdhury Sheikh,Sales Representative,3,188315.91,89
356,Chowdhury Miah,Regional Manager,8,147518.52,82
357,Ahmed Khan,Regional Manager,1,171846.05,82
358,Rahman Miah,Regional Manager,7,176574.54,77
359,Karim Ali,Account Executive,6,184273.11,36
360,Chowdhury Ali,Sales Representative,4,37658.55,80
361,Rahman Ali,Account Executive,4,81098.08,84
362,Ahmed Ali,Sales Representative,6,65436.97,15
363,Hossain Islam,Account Executive,1,112769.74,7
364,Karim Miah,Account Executive,1,64309.84,82
365,Ahmed Ali,Regional Manager,1,61668.46,9
366,Rahman Sheikh,Regional Manager,6,24411.08,28
367,Rahman Khan,Account Executive,2,62143.69,83
368,Karim Sheikh,Regional Manager,8,70746.57,65
369,Ahmed Khan,Sales Representative,1,29590.77,52
370,Chowdhury Islam,Regional Manager,5,95001.95,63
371,Hossain Miah,Regional Manager,1,27329.99,78
372,Ahmed Khan,Regional Manager,2,86911.7,78
373,Chowdhury Miah,Account Executive,4,101909.24,14
374,Hossain Ali,Sales Representative,6,108031.81,50
375,Hossain Miah,Regional Manager,2,26185.62,74
376,Hossain Sheikh,Regional Manager,6,120037.07,92
377,Chowdhury Khan,Account Executive,4,40367.96,9
378,Hossain Ali,Account Executive,6,174319.13,43
379,Chowdhury Khan,Regional Manager,4,58560.85,83
380,Chowdhury Ali,Account Executive,6,90176.58,57
381,Karim Miah,Regional Manager,4,79301.75,31
382,Karim Miah,Account Executive,3,63634.85,50
383,Hossain Khan,Sales Representative,8,182030.09,90
384,Hossain Islam,Account Executive,1,22641.81,43
385,Chowdhury Islam,Regional Manager,7,114130.07,78
386,Karim Ali,Sales Representative,1,38808.73,66
387,Rahman Khan,Sales Representative,8,43966.21,97
388,Hossain Sheikh,Account Executive,4,58458.79,9
389,Rahman Ali,Sales Representative,6,33898.57,67
390,Rahman Islam,Regional Manager,2,193973.36,1
391,Chowdhury Sheikh,Sales Representative,1,111682.47,73
392,Hossain Khan,Account Executive,1,131392.63,98
393,Karim Miah,Account Executive,3,190524.9,61
394,Hossain Sheikh,Account Executive,2,32965.41,98
395,Chowdhury Islam,Sales Representative,6,34371.62,94
396,Hossain Miah,Regional Manager,4,10208.37,78
397,Ahmed Ali,Regional Manager,2,37821.1,7
398,Karim Islam,Sales Representative,4,66088.62,38
399,Hossain Khan,Account Executive,1,76271.76,85
400,Hossain Sheikh,Regional Manager,2,153904.34,92
401,Hossain Ali,Account Executive,8,30583.92,47
402,Chowdhury Sheikh,Regional Manager,7,86500.82,59
403,Hossain Islam,Sales Representative,7,109562.88,31
404,Karim Islam,Regional Manager,1,13318.43,92
405,Rahman Khan,Sales Representative,5,189545.52,87
406,Hossain Islam,Sales Representative,8,128587.17,89
407,Karim Khan,Sales Representative,2,154445.42,32
408,Chowdhury Ali,Regional Manager,1,78750.7,37
409,Hossain Khan,Regional Manager,1,154829.98,43
410,Hossain Miah,Sales Representative,2,182495.85,43
411,Ahmed Ali,Sales Representative,2,85423.43,20
412,Hossain Ali,Sales Representative,1,35564.56,45
413,Chowdhury Miah,Account Executive,4,137190.68,60
414,Rahman Miah,Regional Manager,4,51924.84,37
415,Chowdhury Miah,Account Executive,4,78049.76,12
416,Chowdhury Khan,Sales Representative,5,118386.45,61
417,Chowdhury Ali,Regional Manager,7,56068.54,91
418,Chowdhury Sheikh,Account Executive,7,172082.12,87
419,Karim Khan,Sales Representative,4,27407.66,64
420,Karim Sheikh,Regional Manager,6,37788.01,67
421,Karim Islam,Regional Manager,6,60135.23,76
422,Karim Sheikh,Account Executive,3,65118.67,6
423,Ahmed Khan,Sales Representative,7,136173.46,12
424,Rahman Sheikh,Sales Representative,6,26343.13,4
425,Chowdhury Islam,Regional Manager,4,166541.29,64
426,Ahmed Sheikh,Account Executive,4,148630.3,83
427,Karim Khan,Regional Manager,7,170552.99,28
428,Hossain Miah,Account Executive,4,164246.47,12
429,Ahmed Ali,Account Executive,1,121973.25,68
430,Chowdhury Miah,Sales Representative,2,115078.43,67
431,Ahmed Ali,Regional Manager,1,42963.13,83
432,Karim Islam,Account Executive,5,22249.1,70
433,Chowdhury Khan,Account Executive,1,128111.13,30
434,Ahmed Islam,Account Executive,4,130337.87,54
435,Hossain Ali,Sales Representative,7,84842.54,69
436,Ahmed Miah,Sales Representative,3,197158.61,87
437,Hossain Miah,Sales Representative,6,172079.41,98
438,Chowdhury Islam,Regional Manager,5,156129.68,1
439,Rahman Khan,Sales Representative,2,16903.82,45
440,Chowdhury Khan,Account Executive,4,11589.73,79
441,Hossain Sheikh,Sales Representative,8,127559.44,38
442,Karim Ali,Account Executive,2,151929.25,18
443,Hossain Miah,Sales Representative,8,199752.66,94
444,Rahman Ali,Account Executive,2,87051.85,63
445,Hossain Sheikh,Account Executive,2,106726.55,62
446,Hossain Khan,Account Executive,4,87741.74,31
447,Hossain Miah,Account Executive,6,14669.21,94
448,Hossain Khan,Regional Manager,7,42660.54,21
449,Karim Sheikh,Regional Manager,7,94332.11,89
450,Chowdhury Ali,Account Executive,4,95033.79,51
451,Ahmed Sheikh,Regional Manager,3,45579.65,83
452,Chowdhury Miah,Account Executive,1,98121.92,75
453,Chowdhury Khan,Regional Manager,2,35760.02,44
454,Chowdhury Sheikh,Regional Manager,8,38935.85,42
455,Chowdhury Sheikh,Regional Manager,5,14738.13,25
456,Chowdhury Islam,Account Executive,1,70246.68,10
457,Rahman Ali,Regional Manager,2,179468.91,100
458,Hossain Islam,Regional Manager,4,118614.86,18
459,Chowdhury Islam,Regional Manager,6,162272.15,69
460,Chowdhury Sheikh,Sales Representative,2,169887.57,40
461,Chowdhury Sheikh,Sales Representative,1,175877.12,47
462,Ahmed Ali,Account Executive,3,59759.15,77
463,Karim Miah,Regional Manager,8,76420.35,60
464,Ahmed Khan,Account Executive,1,157048.87,76
465,Karim Ali,Sales Representative,2,148906.42,20
466,Rahman Ali,Sales Representative,7,168766.5,5
467,Hossain Islam,Sales Representative,1,86285.03,83
468,Chowdhury Islam,Sales Representative,3,40789.68,25
469,Hossain Miah,Sales Representative,2,130457.71,3
470,Hossain Khan,Sales Representative,1,158667.22,64
471,Karim Ali,Sales Representative,5,159244.31,50
472,Hossain Khan,Regional Manager,8,79061.21,61
473,Rahman Ali,Account Executive,6,104015.45,89
474,Ahmed Islam,Regional Manager,7,189747.05,77
475,Rahman Sheikh,Account Executive,8,58585.31,93
476,Hossain Miah,Regional Manager,4,78758.53,39
477,Rahman Islam,Sales Representative,5,72758.21,9
478,Rahman Sheikh,Account Executive,7,180301.45,69
479,Hossain Islam,Account Executive,4,136588.85,35
480,Chowdhury Khan,Regional Manager,4,135656.59,46
481,Chowdhury Sheikh,Account Executive,3,172388.44,64
482,Karim Sheikh,Regional Manager,5,108341.19,31
483,Karim Ali,Account Executive,8,99824.83,68
484,Hossain Ali,Account Executive,5,56303.61,99
485,Hossain Miah,Account Executive,4,134808.57,84
486,Rahman Islam,Sales Representative,7,199395.2,89
487,Rahman Miah,Sales Representative,6,14518.05,93
488,Rahman Islam,Sales Representative,6,198959.96,5
489,Chowdhury Khan,Account Executive,5,86169.68,22
490,Ahmed Ali,Regional Manager,4,63269.17,98
491,Chowdhury Khan,Account Executive,1,142419.17,58
492,Karim Sheikh,Sales Representative,6,61231.81,45
493,Ahmed Khan,Account Executive,1,22052.77,18
494,Rahman Miah,Regional Manager,2,77326.0,87
495,Karim Ali,Regional Manager,6,14400.33,24
496,Chowdhury Ali,Regional Manager,4,75249.36,9
497,Karim Sheikh,Account Executive,5,156637.95,88
498,Karim Khan,Regional Manager,6,45737.23,93
499,Ahmed Ali,Sales Representative,4,134795.87,74
500,Ahmed Islam,Sales Representative,7,78014.25,59
501,Rahman Khan,Account Executive,7,169693.63,49
502,Karim Islam,Sales Representative,1,109478.79,64
503,Karim Miah,Sales Representative,6,76226.7,44
504,Ahmed Islam,Account Executive,7,195591.84,78
505,Ahmed Miah,Sales Representative,6,27815.73,62
506,Rahman Islam,Regional Manager,6,153601.79,29
507,Hossain Ali,Regional Manager,3,100042.2,70
508,Ahmed Sheikh,Regional Manager,4,57015.64,33
509,Hossain Ali,Sales Representative,2,136882.14,61
510,Rahman Sheikh,Account Executive,3,154599.6,33
511,Ahmed Khan,Regional Manager,1,107602.14,68
512,Ahmed Miah,Account Executive,8,84528.45,2
513,Chowdhury Miah,Sales Representative,7,118493.79,11
514,Chowdhury Sheikh,Sales Representative,1,160118.93,31
515,Chowdhury Miah,Regional Manager,2,92807.05,64
516,Ahmed Islam,Regional Manager,1,145332.62,93
517,Chowdhury Miah,Account Executive,3,184360.21,17
518,Hossain Sheikh,Sales Representative,2,190052.14,98
519,Karim Islam,Sales Representative,1,68629.53,45
520,Ahmed Islam,Account Executive,3,20865.02,48
521,Chowdhury Khan,Regional Manager,5,79590.88,87
522,Karim Miah,Sales Representative,4,30342.72,33
523,Karim Sheikh,Regional Manager,6,93897.05,60
524,Karim Miah,Account Executive,2,30937.83,43
525,Rahman Miah,Sales Representative,5,129455.05,25
526,Ahmed Miah,Account Executive,4,132910.38,32
527,Hossain Miah,Regional Manager,4,183916.79,11
528,Ahmed Khan,Account Executive,8,101892.38,87
529,Ahmed Islam,Sales Representative,7,37944.7,75
530,Ahmed Sheikh,Account Executive,3,84067.1,44
531,Ahmed Sheikh,Sales Representative,3,106754.39,55
532,Karim Miah,Sales Representative,1,148919.31,63
533,Karim Miah,Sales Representative,3,28610.54,71
534,Karim Sheikh,Account Executive,2,159500.79,57
535,Karim Sheikh,Regional Manager,8,31642.59,4
536,Rahman Khan,Account Executive,8,102591.54,57
537,Rahman Islam,Account Executive,2,80900.42,26
538,Ahmed Islam,Regional Manager,6,19712.5,23
539,Ahmed Khan,Account Executive,7,151056.24,67
540,Karim Miah,Regional Manager,1,178540.33,96
541,Rahman Islam,Sales Representative,3,122944.61,65
542,Hossain Sheikh,Regional Manager,1,55170.54,100
543,Ahmed Islam,Sales Representative,4,61897.08,88
544,Hossain Islam,Regional Manager,2,111929.2,93
545,Karim Khan,Regional Manager,2,18484.17,32
546,Chowdhury Khan,Regional Manager,3,23617.48,97
547,Rahman Ali,Sales Representative,4,63355.28,8
548,Ahmed Miah,Regional Manager,3,38290.48,13
549,Karim Miah,Account Executive,3,78715.79,31
550,Karim Ali,Account Executive,4,140176.85,10
551,Hossain Miah,Sales Representative,7,52230.09,2
552,Karim Miah,Account Executive,2,133217.44,90
553,Hossain Khan,Account Executive,7,124044.21,60
554,Chowdhury Miah,Account Executive,5,133123.05,55
555,Hossain Khan,Sales Representative,1,14395.61,17
556,Ahmed Islam,Account Executive,2,158303.23,61
557,Ahmed Sheikh,Sales Representative,7,55874.4,72
558,Rahman Ali,Account Executive,6,29797.92,28
559,Hossain Ali,Account Executive,6,25376.13,15
560,Chowdhury Ali,Account Executive,5,161724.03,39
561,Rahman Islam,Regional Manager,7,125046.51,19
562,Chowdhury Sheikh,Regional Manager,6,84002.21,15
563,Chowdhury Khan,Regional Manager,7,104718.1,31
564,Hossain Sheikh,Account Executive,2,140738.73,87
565,Chowdhury Miah,Regional Manager,3,170826.9,31
566,Chowdhury Islam,Regional Manager,2,35549.68,52
567,Hossain Sheikh,Account Executive,4,188591.57,48
568,Rahman Sheikh,Sales Representative,8,28704.66,70
569,Chowdhury Sheikh,Account Executive,5,166401.22,6
570,Karim Khan,Sales Representative,5,136771.21,9
571,Rahman Islam,Regional Manager,7,43422.66,55
572,Karim Khan,Sales Representative,5,190771.33,15
573,Ahmed Sheikh,Regional Manager,2,139997.58,23
574,Ahmed Islam,Sales Representative,5,107158.15,15
575,Chowdhury Sheikh,Account Executive,7,49369.7,54
576,Rahman Sheikh,Sales Representative,5,83776.65,49
577,Chowdhury Miah,Regional Manager,8,186124.8,28
578,Hossain Miah,Account Executive,4,10568.08,36
579,Chowdhury Khan,Regional Manager,4,86297.27,30
580,Ahmed Islam,Account Executive,3,151895.79,19
581,Chowdhury Ali,Account Executive,3,101685.31,8
582,Hossain Islam,Account Executive,4,63230.31,6
583,Rahman Ali,Regional Manager,3,120011.79,11
584,Chowdhury Sheikh,Sales Representative,3,107576.97,36
585,Hossain Ali,Account Executive,4,13880.23,69
586,Ahmed Sheikh,Account Executive,7,133880.69,62
587,Rahman Sheikh,Account Executive,5,168199.84,62
588,Rahman Miah,Account Executive,8,128613.6,8
589,Rahman Khan,Sales Representative,2,103163.18,15
590,Rahman Miah,Regional Manager,6,197690.5,46
591,Chowdhury Ali,Account Executive,2,199031.17,2
592,Hossain Ali,Regional Manager,4,130050.09,88
593,Rahman Sheikh,Sales Representative,2,198699.15,26
594,Ahmed Khan,Account Executive,8,196403.27,47
595,Rahman Sheikh,Sales Representative,7,29637.59,77
596,Rahman Miah,Regional Manager,4,102720.68,72
597,Chowdhury Ali,Sales Representative,4,109855.59,89
598,Chowdhury Miah,Account Executive,1,84473.13,22
599,Ahmed Ali,Sales Representative,1,104922.31,55
600,Hossain Islam,Sales Representative,3,31834.66,29
601,Karim Sheikh,Sales Representative,4,24607.53,79
602,Chowdhury Islam,Regional Manager,1,153319.47,6
603,Rahman Miah,Sales Representative,4,100482.11,21
604,Chowdhury Islam,Account Executive,5,80598.59,100
605,Rahman Miah,Sales Representative,6,142020.47,31
606,Chowdhury Miah,Account Executive,2,39098.23,36
607,Karim Miah,Account Executive,3,37644.99,42
608,Rahman Ali,Regional Manager,5,23250.57,77
609,Karim Islam,Account Executive,2,129576.55,33
610,Hossain Sheikh,Sales Representative,2,165591.09,24
611,Karim Sheikh,Sales Representative,2,142280.57,51
612,Karim Miah,Account Executive,5,78021.43,13
613,Karim Miah,Regional Manager,6,54413.29,41
614,Hossain Khan,Sales Representative,4,11648.62,99
615,Hossain Miah,Regional Manager,6,157282.31,80
616,Ahmed Miah,Regional Manager,5,78848.87,75
617,Chowdhury Sheikh,Sales Representative,5,183786.63,5
618,Chowdhury Miah,Account Executive,3,143497.46,59
619,Hossain Khan,Regional Manager,2,89522.04,66
620,Ahmed Ali,Sales Representative,4,192968.31,61
621,Karim Sheikh,Regional Manager,1,100861.62,18
622,Ahmed Sheikh,Account Executive,4,144256.36,2
623,Karim Islam,Sales Representative,3,132804.47,95
624,Rahman Ali,Account Executive,4,164044.1,8
625,Hossain Khan,Sales Representative,4,92437.11,40
626,Ahmed Ali,Account Executive,2,133274.57,40
627,Rahman Islam,Sales Representative,5,154548.06,71
628,Rahman Khan,Account Executive,1,39894.96,36
629,Karim Islam,Sales Representative,5,93451.47,45
630,Ahmed Ali,Account Executive,7,134900.3,44
631,Hossain Islam,Sales Representative,5,29579.53,64
632,Rahman Khan,Account Executive,2,180478.43,60
633,Ahmed Islam,Regional Manager,3,67015.57,42
634,Ahmed Miah,Sales Representative,3,83253.27,10
635,Ahmed Ali,Account Executive,4,70478.15,41
636,Chowdhury Islam,Sales Representative,3,16694.2,23
637,Karim Sheikh,Regional Manager,7,92228.62,85
638,Hossain Miah,Sales Representative,3,118271.01,30
639,Karim Miah,Regional Manager,2,118049.42,12
640,Ahmed Miah,Sales Representative,1,168797.18,30
641,Rahman Khan,Regional Manager,3,65870.66,49
642,Hossain Khan,Account Executive,4,61330.19,25
643,Karim Islam,Account Executive,4,190931.68,33
644,Karim Sheikh,Regional Manager,2,188423.46,95
645,Chowdhury Sheikh,Regional Manager,5,149014.4,65
646,Hossain Islam,Regional Manager,3,64012.97,94
647,Chowdhury Khan,Regional Manager,3,115352.16,44
648,Ahmed Sheikh,Regional Manager,4,74604.91,3
649,Chowdhury Islam,Sales Representative,6,125667.94,62
650,Ahmed Khan,Account Executive,7,163267.03,78
651,Hossain Islam,Regional Manager,4,71316.03,13
652,Hossain Sheikh,Regional Manager,1,59136.71,16
653,Chowdhury Miah,Sales Representative,1,17150.76,76
654,Chowdhury Islam,Regional Manager,3,114590.96,59
655,Karim Islam,Regional Manager,7,136722.78,67
656,Hossain Sheikh,Regional Manager,5,96827.18,53
657,Ahmed Sheikh,Account Executive,1,175714.69,56
658,Chowdhury Ali,Sales Representative,5,128032.84,11
659,Ahmed Ali,Sales Representative,5,161262.37,92
660,Hossain Ali,Regional Manager,7,101282.55,46
661,Hossain Sheikh,Account Executive,6,10009.79,44
662,Ahmed Miah,Account Executive,7,189299.73,88
663,Ahmed Sheikh,Regional Manager,5,59544.29,93
664,Karim Khan,Regional Manager,4,194234.78,48
665,Chowdhury Sheikh,Account Executive,6,13542.84,36
666,Rahman Ali,Account Executive,6,158492.57,53
667,Chowdhury Khan,Regional Manager,6,69064.67,18
668,Rahman Khan,Account Executive,7,23699.19,90
669,Chowdhury Miah,Sales Representative,6,162292.09,16
670,Rahman Ali,Sales Representative,6,20582.44,88
671,Karim Miah,Regional Manager,8,91288.19,23
672,Hossain Islam,Account Executive,2,129545.15,98
673,Karim Miah,Account Executive,5,118864.34,98
674,Hossain Miah,Sales Representative,7,47213.85,66
675,Rahman Khan,Sales Representative,2,14129.78,11
676,Karim Sheikh,Account Executive,7,124205.61,11
677,Chowdhury Khan,Sales Representative,5,132113.08,65
678,Rahman Khan,Account Executive,8,97336.63,68
679,Hossain Sheikh,Sales Representative,4,83585.34,54
680,Karim Ali,Sales Representative,7,50970.07,39
681,Rahman Khan,Account Executive,5,86563.6,100
682,Chowdhury Sheikh,Account Executive,4,54199.54,69
683,Ahmed Khan,Sales Representative,4,80448.92,87
684,Hossain Ali,Regional Manager,1,95213.71,29
685,Ahmed Sheikh,Regional Manager,5,174613.52,60
686,Hossain Sheikh,Sales Representative,7,179136.52,50
687,Karim Sheikh,Regional Manager,6,142357.88,66
688,Chowdhury Miah,Account Executive,8,164606.29,34
689,Hossain Islam,Account Executive,5,139986.28,84
690,Karim Islam,Account Executive,6,36284.09,46
691,Karim Sheikh,Account Executive,8,159570.18,4
692,Karim Sheikh,Regional Manager,8,89779.4,61
693,Rahman Ali,Regional Manager,3,14280.2,62
694,Hossain Sheikh,Regional Manager,2,68543.82,57
695,Rahman Khan,Regional Manager,2,24445.96,97
696,Hossain Khan,Account Executive,4,21285.05,76
697,Ahmed Ali,Account Executive,1,118485.32,36
698,Ahmed Sheikh,Regional Manager,7,77842.99,65
699,Karim Khan,Account Executive,5,147246.78,44
700,Karim Miah,Regional Manager,7,79436.83,44
701,Karim Khan,Account Executive,3,188882.45,56
702,Ahmed Ali,Sales Representative,5,98618.86,74
703,Ahmed Ali,Sales Representative,4,164837.22,75
704,Rahman Sheikh,Sales Representative,2,124001.34,98
705,Chowdhury Miah,Account Executive,7,168374.13,11
706,Ahmed Miah,Sales Representative,6,105452.66,96
707,Hossain Islam,Regional Manager,7,24535.15,94
708,Rahman Sheikh,Regional Manager,7,185430.19,66
709,Hossain Miah,Regional Manager,1,63326.19,60
710,Chowdhury Sheikh,Regional Manager,7,114036.42,19
711,Chowdhury Ali,Account Executive,6,145282.81,48
712,Hossain Islam,Account Executive,6,13187.41,83
713,Chowdhury Ali,Regional Manager,3,143262.89,89
714,Karim Ali,Account Executive,3,119107.79,24
715,Hossain Sheikh,Regional Manager,1,69953.69,62
716,Karim Miah,Account Executive,7,43199.68,20
717,Ahmed Islam,Sales Representative,6,22774.22,12
718,Chowdhury Sheikh,Regional Manager,1,68582.13,40
719,Hossain Khan,Sales Representative,2,58132.78,94
720,Chowdhury Islam,Sales Representative,5,96489.36,39
721,Karim Ali,Sales Representative,6,125084.45,37
722,Ahmed Ali,Account Executive,3,184101.54,29
723,Chowdhury Sheikh,Account Executive,4,169277.51,11
724,Chowdhury Sheikh,Regional Manager,5,185877.52,64
725,Hossain Islam,Sales Representative,4,27132.79,27
726,Rahman Ali,Account Executive,4,11645.91,46
727,Chowdhury Islam,Sales Representative,5,181133.38,54
728,Rahman Miah,Sales Representative,6,49907.1,80
729,Chowdhury Miah,Regional Manager,3,141815.63,63
730,Chowdhury Miah,Regional Manager,6,176596.63,80
731,Ahmed Miah,Account Executive,5,144117.55,87
732,Ahmed Khan,Account Executive,7,72755.49,67
733,Ahmed Sheikh,Regional Manager,6,154000.7,23
734,Karim Miah,Sales Representative,2,121643.37,40
735,Chowdhury Miah,Sales Representative,1,149144.52,26
736,Chowdhury Ali,Regional Manager,7,45924.93,17
737,Chowdhury Khan,Regional Manager,3,29531.31,78
738,Rahman Miah,Regional Manager,4,195834.23,7
739,Chowdhury Ali,Sales Representative,2,107851.98,20
740,Hossain Khan,Regional Manager,2,198127.78,38
741,Hossain Ali,Sales Representative,4,25931.02,83
742,Rahman Islam,Sales Representative,1,190931.28,42
743,Karim Ali,Sales Representative,1,163608.8,38
744,Ahmed Sheikh,Regional Manager,2,137626.54,13
745,Ahmed Miah,Account Executive,7,78506.89,71
746,Rahman Islam,Regional Manager,8,87287.67,91
747,Hossain Khan,Account Executive,5,71851.9,39
748,Ahmed Miah,Account Executive,3,123550.82,13
749,Karim Sheikh,Account Executive,5,74836.21,8
750,Hossain Islam,Account Executive,2,187637.77,94
751,Ahmed Ali,Regional Manager,2,184366.43,96
752,Hossain Sheikh,Account Executive,2,13281.18,97
753,Chowdhury Khan,Sales Representative,5,35459.55,95
754,Ahmed Sheikh,Account Executive,3,89306.62,65
755,Karim Khan,Account Executive,2,130235.74,64
756,Rahman Sheikh,Sales Representative,7,168775.04,73
757,Hossain Khan,Sales Representative,4,129971.17,64
758,Chowdhury Ali,Account Executive,1,12113.26,73
759,Karim Khan,Account Executive,6,103532.56,98
760,Karim Miah,Account Executive,8,19339.7,26
761,Karim Khan,Sales Representative,1,192430.99,85
762,Hossain Islam,Account Executive,6,126980.07,95
763,Karim Islam,Sales Representative,8,188462.37,19
764,Chowdhury Islam,Sales Representative,5,73588.65,92
765,Ahmed Islam,Account Executive,1,144234.44,19
766,Chowdhury Sheikh,Sales Representative,7,18344.39,71
767,Ahmed Khan,Sales Representative,5,12430.81,46
768,Rahman Sheikh,Regional Manager,8,191377.68,52
769,Chowdhury Islam,Sales Representative,1,58863.37,11
770,Chowdhury Miah,Account Executive,6,92773.8,89
771,Rahman Khan,Sales Representative,2,181110.21,43
772,Rahman Sheikh,Sales Representative,4,107816.43,63
773,Chowdhury Miah,Account Executive,8,148321.0,49
774,Rahman Sheikh,Account Executive,4,24073.09,50
775,Ahmed Sheikh,Account Executive,3,178159.33,18
776,Chowdhury Ali,Sales Representative,2,161879.23,25
777,Chowdhury Sheikh,Sales Representative,5,101578.94,76
778,Rahman Sheikh,Sales Representative,1,50720.62,3
779,Karim Islam,Sales Representative,5,172799.2,67
780,Chowdhury Islam,Account Executive,4,116422.7,92
781,Chowdhury Islam,Regional Manager,2,121933.05,97
782,Ahmed Islam,Regional Manager,1,191836.3,30
783,Rahman Sheikh,Sales Representative,4,121819.55,12
784,Hossain Sheikh,Sales Representative,1,165813.96,43
785,Karim Khan,Account Executive,7,103750.63,72
786,Rahman Miah,Account Executive,7,164791.57,68
787,Hossain Islam,Regional Manager,3,122670.23,22
788,Rahman Miah,Account Executive,3,175801.15,21
789,Chowdhury Khan,Account Executive,1,154425.95,15
790,Chowdhury Khan,Sales Representative,4,80968.16,6
791,Hossain Miah,Account Executive,6,91147.84,94
792,Rahman Sheikh,Regional Manager,7,131436.34,65
793,Ahmed Miah,Regional Manager,5,71550.08,71
794,Karim Sheikh,Regional Manager,5,119161.1,74
795,Hossain Islam,Sales Representative,2,53899.69,82
796,Karim Ali,Regional Manager,6,180472.39,88
797,Rahman Miah,Account Executive,3,185515.5,90
798,Chowdhury Sheikh,Regional Manager,8,193419.91,12
799,Ahmed Islam,Account Executive,7,139941.8,21
800,Hossain Sheikh,Regional Manager,2,169415.79,84
801,Ahmed Miah,Account Executive,8,90636.15,43
802,Karim Islam,Account Executive,7,77562.62,41
803,Ahmed Islam,Account Executive,7,69029.3,15
804,Chowdhury Sheikh,Regional Manager,7,55140.74,93
805,Ahmed Ali,Account Executive,4,76682.86,65
806,Karim Ali,Sales Representative,7,159013.84,5
807,Ahmed Islam,Account Executive,8,133919.46,20
808,Karim Islam,Sales Representative,3,109621.85,98
809,Chowdhury Khan,Regional Manager,3,101123.5,53
810,Chowdhury Ali,Account Executive,5,92819.85,89
811,Ahmed Ali,Account Executive,1,62172.92,27
812,Karim Islam,Account Executive,1,23678.0,43
813,Karim Sheikh,Account Executive,4,81198.31,68
814,Hossain Sheikh,Account Executive,8,29822.11,45
815,Rahman Islam,Regional Manager,7,177342.73,45
816,Karim Miah,Sales Representative,7,17771.55,56
817,Hossain Islam,Account Executive,7,130268.49,18
818,Hossain Khan,Sales Representative,6,152383.49,51
819,Rahman Miah,Account Executive,2,30346.25,89
820,Karim Miah,Regional Manager,7,94445.02,81
821,Karim Miah,Regional Manager,1,42435.37,11
822,Rahman Islam,Account Executive,4,115845.73,3
823,Hossain Sheikh,Regional Manager,6,114314.28,12
824,Karim Sheikh,Sales Representative,7,59366.11,78
825,Rahman Sheikh,Regional Manager,5,64828.56,51
826,Ahmed Sheikh,Account Executive,1,167926.01,44
827,Ahmed Miah,Account Executive,2,125358.48,9
828,Hossain Sheikh,Regional Manager,6,23019.12,74
829,Rahman Islam,Sales Representative,5,124762.91,22
830,Rahman Khan,Account Executive,2,91594.37,36
831,Chowdhury Miah,Sales Representative,4,108296.36,83
832,Rahman Miah,Regional Manager,5,93595.21,56
833,Rahman Sheikh,Regional Manager,1,101467.67,47
834,Rahman Islam,Account Executive,5,133242.01,91
835,Karim Islam,Sales Representative,7,112038.26,85
836,Hossain Ali,Regional Manager,7,162133.59,23
837,Karim Ali,Account Executive,5,155859.53,7
838,Hossain Sheikh,Account Executive,4,66707.05,15
839,Rahman Khan,Regional Manager,8,98658.03,7
840,Ahmed Ali,Sales Representative,6,132255.31,60
841,Hossain Khan,Regional Manager,5,55674.47,10
842,Rahman Miah,Regional Manager,3,42860.27,47
843,Hossain Miah,Regional Manager,7,58366.85,29
844,Rahman Islam,Account Executive,8,68713.92,51
845,Chowdhury Islam,Account Executive,6,98842.67,80
846,Rahman Khan,Sales Representative,3,111917.27,48
847,Rahman Miah,Sales Representative,6,102337.04,77
848,Rahman Sheikh,Regional Manager,2,134188.01,52
849,Ahmed Khan,Account Executive,5,129333.27,16
850,Karim Sheikh,Sales Representative,4,50546.94,95
851,Rahman Sheikh,Sales Representative,5,13466.15,14
852,Rahman Sheikh,Account Executive,8,130383.72,13
853,Rahman Sheikh,Account Executive,8,146869.21,89
854,Karim Islam,Sales Representative,6,145592.44,74
855,Rahman Ali,Account Executive,4,104869.61,37
856,Rahman Sheikh,Sales Representative,2,97681.1,25
857,Chowdhury Sheikh,Sales Representative,1,24788.29,45
858,Chowdhury Ali,Account Executive,1,154015.91,57
859,Ahmed Sheikh,Regional Manager,5,119178.57,63
860,Chowdhury Sheikh,Account Executive,3,189390.26,41
861,Rahman Ali,Regional Manager,3,30869.97,47
862,Chowdhury Khan,Account Executive,7,94582.23,87
863,Karim Islam,Sales Representative,7,102493.34,31
864,Rahman Islam,Account Executive,7,18640.33,8
865,Hossain Khan,Sales Representative,4,61317.22,11
866,Karim Khan,Regional Manager,2,153123.5,79
867,Ahmed Ali,Regional Manager,4,18954.39,60
868,Rahman Khan,Regional Manager,5,195360.33,30
869,Hossain Sheikh,Account Executive,4,69593.16,92
870,Chowdhury Sheikh,Regional Manager,2,190631.87,35
871,Chowdhury Ali,Sales Representative,1,136196.69,59
872,Karim Islam,Account Executive,7,170261.37,72
873,Karim Sheikh,Sales Representative,3,195118.79,44
874,Karim Sheikh,Sales Representative,8,163857.84,34
875,Ahmed Khan,Account Executive,7,91541.2,75
876,Ahmed Ali,Sales Representative,3,191813.67,22
877,Ahmed Islam,Account Executive,3,71231.55,21
878,Hossain Ali,Sales Representative,8,160046.44,70
879,Chowdhury Khan,Regional Manager,5,84919.74,98
880,Rahman Sheikh,Regional Manager,5,81733.05,48
881,Karim Khan,Regional Manager,6,63231.17,10
882,Ahmed Miah,Sales Representative,6,26212.33,49
883,Hossain Khan,Account Executive,1,140558.39,19
884,Ahmed Khan,Account Executive,2,141103.18,28
885,Hossain Sheikh,Account Executive,5,158261.36,69
886,Rahman Sheikh,Sales Representative,5,82580.35,18
887,Karim Ali,Sales Representative,5,135756.41,32
888,Karim Khan,Regional Manager,5,195207.74,13
889,Ahmed Khan,Regional Manager,3,112923.51,50
890,Ahmed Khan,Sales Representative,8,176905.45,51
891,Rahman Sheikh,Regional Manager,1,149139.77,2
892,Hossain Sheikh,Regional Manager,2,194551.6,31
893,Hossain Sheikh,Sales Representative,6,10490.89,54
894,Hossain Ali,Account Executive,7,45252.94,13
895,Hossain Khan,Sales Representative,5,113664.03,67
896,Hossain Miah,Sales Representative,5,29565.83,50
897,Chowdhury Khan,Sales Representative,4,178349.16,86
898,Karim Sheikh,Regional Manager,6,161210.6,33
899,Chowdhury Sheikh,Regional Manager,5,30745.77,79
900,Ahmed Sheikh,Sales Representative,6,146405.57,88
901,Karim Miah,Account Executive,1,83511.7,33
902,Chowdhury Ali,Account Executive,8,132582.86,30
903,Rahman Khan,Regional Manager,2,143981.84,77
904,Hossain Ali,Sales Representative,2,150104.66,48
905,Chowdhury Miah,Sales Representative,4,85450.15,70
906,Karim Miah,Regional Manager,8,191352.09,60
907,Rahman Khan,Sales Representative,6,185231.96,9
908,Chowdhury Khan,Account Executive,7,148438.84,100
909,Rahman Khan,Regional Manager,1,36713.18,15
910,Hossain Miah,Account Executive,1,114576.56,66
911,Hossain Islam,Regional Manager,1,36897.27,78
912,Karim Khan,Regional Manager,4,153641.01,39
913,Karim Miah,Account Executive,2,10809.73,47
914,Hossain Khan,Regional Manager,2,101203.42,44
915,Rahman Sheikh,Account Executive,4,156582.78,91
916,Rahman Ali,Sales Representative,3,149536.88,39
917,Ahmed Ali,Sales Representative,4,45985.68,74
918,Rahman Islam,Account Executive,8,117589.66,2
919,Karim Islam,Account Executive,8,28993.59,64
920,Ahmed Sheikh,Account Executive,1,46526.66,45
921,Hossain Miah,Regional Manager,1,179717.83,39
922,Ahmed Khan,Regional Manager,7,10914.42,12
923,Hossain Islam,Account Executive,4,154545.57,81
924,Chowdhury Miah,Regional Manager,4,55422.88,50
925,Chowdhury Islam,Sales Representative,8,155153.16,52
926,Hossain Sheikh,Account Executive,7,172964.64,2
927,Hossain Islam,Sales Representative,5,71673.51,84
928,Chowdhury Sheikh,Account Executive,4,170124.12,82
929,Hossain Khan,Sales Representative,4,52901.67,34
930,Chowdhury Sheikh,Account Executive,8,73332.89,97
931,Hossain Islam,Regional Manager,2,158101.51,39
932,Chowdhury Islam,Account Executive,1,121463.25,90
933,Hossain Khan,Sales Representative,2,198257.16,50
934,Ahmed Islam,Regional Manager,3,101893.26,59
935,Chowdhury Miah,Regional Manager,5,162521.79,53
936,Ahmed Ali,Sales Representative,1,101982.19,74
937,Hossain Sheikh,Regional Manager,8,78790.89,87
938,Rahman Sheikh,Regional Manager,8,38473.03,73
939,Hossain Khan,Sales Representative,7,139793.46,27
940,Rahman Miah,Regional Manager,5,189221.93,88
941,Ahmed Khan,Account Executive,1,125682.46,34
942,Hossain Miah,Regional Manager,7,12167.48,56
943,Hossain Miah,Account Executive,3,185212.1,84
944,Hossain Ali,Sales Representative,3,186982.72,71
945,Hossain Ali,Account Executive,8,177798.87,59
946,Hossain Miah,Regional Manager,8,17767.24,84
947,Karim Miah,Account Executive,7,37419.87,29
948,Hossain Sheikh,Account Executive,3,177074.93,98
949,Hossain Ali,Account Executive,2,20483.08,57
950,Karim Islam,Sales Representative,3,115240.74,54
951,Karim Khan,Account Executive,1,87304.66,84
952,Karim Islam,Sales Representative,3,54047.37,88
953,Karim Ali,Sales Representative,4,127188.69,30
954,Rahman Islam,Regional Manager,1,159624.64,91
955,Ahmed Sheikh,Account Executive,5,144466.41,88
956,Ahmed Sheikh,Account Executive,6,134329.51,25
957,Rahman Sheikh,Account Executive,7,71392.55,18
958,Chowdhury Islam,Sales Representative,3,106111.18,32
959,Hossain Ali,Sales Representative,7,173682.32,34
960,Rahman Miah,Account Executive,6,64581.0,62
961,Rahman Khan,Sales Representative,2,192750.85,81
962,Chowdhury Ali,Regional Manager,3,78800.9,40
963,Karim Miah,Sales Representative,6,57040.44,57
964,Hossain Islam,Sales Representative,6,73274.05,4
965,Hossain Miah,Regional Manager,8,113427.73,4
966,Karim Ali,Sales Representative,3,42068.92,32
967,Ahmed Sheikh,Sales Representative,2,128072.1,92
968,Rahman Miah,Regional Manager,7,185275.69,76
969,Chowdhury Khan,Account Executive,8,117513.46,100
970,Hossain Khan,Account Executive,8,48566.71,90
971,Ahmed Islam,Sales Representative,5,117802.95,53
972,Karim Miah,Sales Representative,8,183985.56,74
973,Hossain Islam,Regional Manager,2,91150.96,31
974,Karim Khan,Account Executive,1,99491.4,3
975,Rahman Ali,Account Executive,1,43971.51,63
976,Rahman Islam,Account Executive,2,38511.97,3
977,Karim Khan,Account Executive,1,25631.12,63
978,Rahman Islam,Regional Manager,5,22696.42,36
979,Chowdhury Sheikh,Account Executive,3,135124.22,90
980,Ahmed Ali,Regional Manager,7,88859.96,60
981,Rahman Ali,Sales Representative,6,42512.28,88
982,Chowdhury Sheikh,Regional Manager,5,42453.93,7
983,Karim Sheikh,Sales Representative,8,111565.22,99
984,Rahman Islam,Account Executive,4,48316.01,74
985,Rahman Miah,Regional Manager,3,181396.5,89
986,Chowdhury Khan,Regional Manager,1,90986.49,12
987,Rahman Islam,Regional Manager,3,53532.8,52
988,Hossain Ali,Regional Manager,6,105031.85,13
989,Chowdhury Sheikh,Sales Representative,2,79346.69,93
990,Ahmed Miah,Regional Manager,8,125767.84,62
991,Karim Ali,Account Executive,3,76575.54,74
992,Karim Ali,Sales Representative,3,114444.65,93
993,Rahman Khan,Sales Representative,4,143956.07,73
994,Hossain Ali,Regional Manager,4,153250.66,75
995,Rahman Miah,Sales Representative,2,75297.49,81
996,Rahman Islam,Sales Representative,2,91577.7,28
997,Chowdhury Sheikh,Sales Representative,5,124292.97,3
998,Hossain Islam,Regional Manager,5,142238.32,15
999,Rahman Khan,Regional Manager,8,167077.91,75
1000,Hossain Khan,Regional Manager,3,75707.14,11
