Customer_ID,Customer_Name,Age,Gender,Location,Purchase_Date
1,Rahman Sheikh,31,Male,Mymensingh,01/02/2023
2,Karim Sheikh,69,Female,Khulna,04/08/2023
3,Ahmed Ali,60,Female,Barisal,05/08/2023
4,Hossain Sheikh,47,Male,Chattogram,13/03/2023
5,Ahmed Sheikh,64,Female,Chattogram,14/03/2023
6,Karim Khan,30,Female,Rajshahi,24/05/2023
7,Hossain Khan,35,Female,Khulna,12/02/2024
8,Ahmed Sheikh,69,Male,Dhaka,20/04/2024
9,Chowdhury Ali,23,Male,Rajshahi,21/04/2024
10,Hossain Sheikh,48,Male,Rangpur,10/07/2023
11,Ahmed Khan,42,Male,Rangpur,11/07/2023
12,Rahman Sheikh,36,Female,Mymensingh,04/05/2023
13,Karim Khan,36,Male,Dhaka,29/05/2023
14,Chowdhury Miah,21,Female,Dhaka,30/05/2023
15,Ahmed Miah,48,Male,Dhaka,28/11/2023
16,Chowdhury Ali,72,Male,Chattogram,11/06/2023
17,Chowdhury Ali,61,Male,Rangpur,15/01/2023
18,Ahmed Miah,33,Male,Chattogram,03/07/2023
19,Hossain Miah,54,Female,Sylhet,04/07/2023
20,Karim Islam,33,Female,Rangpur,14/09/2023
21,Karim Islam,47,Female,Chattogram,15/09/2023
22,Ahmed Sheikh,57,Male,Chattogram,30/06/2023
23,Chowdhury Khan,50,Female,Rajshahi,06/02/2024
24,Rahman Ali,74,Male,Barisal,25/08/2023
25,Rahman Khan,46,Female,Dhaka,18/07/2023
26,Chowdhury Islam,60,Male,Rajshahi,22/03/2023
27,Rahman Ali,74,Male,Rajshahi,22/08/2023
28,Rahman Islam,56,Male,Barisal,23/08/2023
29,Karim Islam,50,Female,Sylhet,27/04/2023
30,Ahmed Ali,58,Female,Sylhet,30/03/2024
31,Ahmed Ali,39,Male,Sylhet,29/11/2023
32,Karim Sheikh,53,Female,Dhaka,30/11/2023
33,Ahmed Ali,74,Male,Dhaka,25/06/2023
34,Rahman Miah,53,Male,Rangpur,26/06/2023
35,Karim Ali,37,Female,Dhaka,27/06/2023
36,Rahman Khan,61,Male,Chattogram,28/06/2023
37,Rahman Miah,74,Female,Rajshahi,21/01/2024
38,Karim Khan,69,Male,Rangpur,22/05/2024
39,Ahmed Khan,65,Female,Rangpur,13/08/2024
40,Karim Islam,28,Male,Rangpur,04/05/2023
41,Ahmed Sheikh,32,Male,Mymensingh,05/05/2023
42,Rahman Islam,70,Male,Khulna,24/04/2023
43,Ahmed Khan,43,Female,Sylhet,14/05/2023
44,Ahmed Islam,40,Female,Barisal,03/11/2024
45,Ahmed Ali,74,Female,Rajshahi,26/03/2024
46,Chowdhury Islam,20,Male,Rangpur,21/06/2023
47,Rahman Islam,45,Male,Rangpur,02/05/2023
48,Chowdhury Khan,34,Male,Rangpur,03/05/2023
49,Ahmed Miah,69,Male,Barisal,04/05/2023
50,Hossain Ali,60,Female,Barisal,05/05/2023
51,Ahmed Islam,50,Female,Rangpur,06/05/2023
52,Rahman Sheikh,62,Female,Rajshahi,07/05/2023
53,Karim Sheikh,60,Female,Rajshahi,08/05/2023
54,Chowdhury Miah,37,Female,Dhaka,28/09/2023
55,Rahman Islam,31,Female,Barisal,24/04/2023
56,Hossain Sheikh,46,Male,Mymensingh,23/11/2023
57,Karim Ali,36,Female,Chattogram,01/01/2024
58,Karim Islam,32,Male,Rajshahi,02/01/2024
59,Ahmed Ali,33,Female,Chattogram,13/01/2024
60,Hossain Sheikh,74,Male,Rangpur,14/01/2024
61,Hossain Sheikh,33,Male,Dhaka,22/02/2024
62,Ahmed Sheikh,32,Male,Mymensingh,30/10/2024
63,Ahmed Miah,33,Male,Mymensingh,31/10/2024
64,Karim Sheikh,60,Female,Mymensingh,04/08/2024
65,Chowdhury Miah,45,Female,Rajshahi,27/04/2023
66,Hossain Sheikh,34,Male,Sylhet,03/07/2024
67,Chowdhury Sheikh,58,Male,Sylhet,07/11/2023
68,Hossain Ali,63,Female,Khulna,12/06/2023
69,Rahman Islam,38,Male,Rajshahi,24/02/2023
70,Karim Khan,42,Male,Khulna,15/09/2023
71,Ahmed Sheikh,44,Female,Mymensingh,16/09/2023
72,Hossain Ali,31,Female,Rangpur,17/09/2023
73,Chowdhury Ali,72,Female,Mymensingh,30/01/2023
74,Ahmed Islam,37,Female,Rangpur,31/01/2023
75,Chowdhury Miah,69,Male,Mymensingh,15/02/2023
76,Karim Islam,45,Female,Dhaka,16/02/2023
77,Hossain Islam,60,Female,Rajshahi,20/06/2024
78,Hossain Khan,57,Male,Rangpur,21/06/2024
79,Chowdhury Miah,60,Male,Chattogram,06/05/2023
80,Hossain Khan,73,Female,Rajshahi,24/01/2024
81,Ahmed Islam,42,Female,Khulna,09/05/2023
82,Hossain Islam,39,Female,Sylhet,22/04/2023
83,Hossain Islam,71,Male,Mymensingh,
84,Ahmed Miah,21,Female,Khulna,06/02/2024
85,Ahmed Ali,66,Male,Khulna,
86,Karim Ali,57,Male,Khulna,04/10/2023
87,Karim Sheikh,60,Male,Khulna,30/07/2023
88,Hossain Islam,67,Female,Rajshahi,05/04/2024
89,Chowdhury Miah,65,Male,Rajshahi,
90,Rahman Ali,55,Male,Sylhet,09/03/2023
91,Chowdhury Sheikh,43,Male,Chattogram,22/03/2024
92,Chowdhury Khan,24,Female,Chattogram,12/04/2023
93,Chowdhury Ali,40,Female,Barisal,
94,Ahmed Miah,59,Female,Dhaka,12/03/2024
95,Hossain Sheikh,24,Female,Barisal,23/09/2023
96,Hossain Khan,45,Male,Sylhet,01/06/2023
97,Chowdhury Miah,67,Female,Mymensingh,14/07/2024
98,Hossain Miah,35,Female,Khulna,10/11/2023
99,Ahmed Islam,74,Female,Khulna,
100,Hossain Miah,57,Female,Barisal,06/04/2023
101,Ahmed Sheikh,72,Female,Rajshahi,23/04/2023
102,Hossain Khan,40,Female,Barisal,19/09/2024
103,Rahman Miah,62,Female,Dhaka,
104,Chowdhury Khan,23,Male,Rangpur,06/01/2024
105,Hossain Miah,66,Male,Mymensingh,
106,Hossain Sheikh,68,Male,Chattogram,19/04/2023
107,Rahman Khan,43,Male,Sylhet,19/07/2023
108,Chowdhury Islam,48,Female,Rangpur,20/07/2023
109,Chowdhury Islam,40,Female,Sylhet,21/07/2023
110,Rahman Islam,32,Male,Khulna,10/11/2024
111,Rahman Ali,65,Male,Khulna,
112,Karim Sheikh,35,Female,Chattogram,06/07/2023
113,Karim Islam,32,Female,Rajshahi,26/04/2023
114,Rahman Ali,63,Male,Sylhet,20/07/2023
115,Ahmed Ali,53,Female,Rajshahi,
116,Hossain Ali,73,Male,Sylhet,08/12/2023
117,Hossain Sheikh,46,Female,Rajshahi,09/07/2024
118,Ahmed Islam,73,Female,Chattogram,07/03/2023
119,Ahmed Sheikh,49,Male,Dhaka,23/12/2024
120,Karim Khan,69,Female,Chattogram,
121,Karim Ali,53,Female,Khulna,30/04/2024
122,Chowdhury Sheikh,46,Female,Sylhet,01/01/2024
123,Chowdhury Sheikh,37,Male,Chattogram,
124,Karim Khan,34,Male,Rajshahi,17/02/2024
125,Karim Khan,53,Male,Rajshahi,
126,Ahmed Sheikh,46,Female,Sylhet,13/12/2023
127,Ahmed Khan,36,Female,Mymensingh,26/04/2023
128,Ahmed Khan,34,Male,Rangpur,01/07/2023
129,Ahmed Miah,32,Male,Sylhet,11/10/2024
130,Karim Ali,21,Male,Sylhet,28/02/2023
131,Chowdhury Miah,36,Female,Chattogram,14/03/2023
132,Hossain Islam,62,Female,Sylhet,
133,Chowdhury Miah,49,Female,Chattogram,11/05/2023
134,Chowdhury Ali,74,Female,Barisal,12/03/2023
135,Chowdhury Islam,19,Male,Khulna,05/01/2023
136,Chowdhury Miah,19,Female,Dhaka,09/02/2024
137,Karim Sheikh,51,Female,Sylhet,07/09/2023
138,Karim Miah,45,Female,Chattogram,23/03/2023
139,Hossain Islam,44,Female,Barisal,
140,Ahmed Khan,39,Female,Mymensingh,07/05/2024
141,Rahman Sheikh,70,Male,Mymensingh,26/09/2024
142,Ahmed Islam,34,Female,Chattogram,28/07/2024
143,Hossain Miah,70,Male,Mymensingh,18/08/2023
144,Hossain Ali,30,Female,Mymensingh,28/10/2023
145,Hossain Ali,31,Female,Rajshahi,
146,Rahman Sheikh,74,Female,Chattogram,21/11/2023
147,Ahmed Miah,69,Male,Rajshahi,20/06/2024
148,Rahman Miah,18,Female,Chattogram,29/02/2024
149,Karim Ali,47,Male,Rajshahi,13/03/2024
150,Hossain Islam,50,Female,Rangpur,
151,Hossain Sheikh,33,Female,Rajshahi,02/01/2024
152,Hossain Khan,56,Male,Chattogram,30/03/2023
153,Rahman Sheikh,39,Female,Dhaka,31/03/2023
154,Rahman Islam,71,Female,Rajshahi,01/04/2023
155,Hossain Miah,48,Female,Barisal,29/12/2023
156,Chowdhury Miah,42,Female,Barisal,29/02/2024
157,Karim Khan,54,Female,Khulna,03/07/2023
158,Hossain Ali,38,Female,Rangpur,29/01/2024
159,Hossain Khan,49,Male,Rajshahi,17/12/2024
160,Chowdhury Miah,39,Male,Mymensingh,29/05/2023
161,Ahmed Miah,47,Male,Rajshahi,30/05/2023
162,Hossain Khan,22,Female,Sylhet,31/05/2023
163,Rahman Miah,62,Female,Chattogram,14/04/2024
164,Rahman Miah,42,Female,Mymensingh,15/04/2024
165,Chowdhury Ali,57,Male,Khulna,16/04/2024
166,Rahman Khan,65,Male,Rangpur,17/01/2023
167,Ahmed Ali,46,Male,Sylhet,03/11/2023
168,Ahmed Ali,38,Male,Sylhet,01/03/2024
169,Rahman Islam,45,Male,Khulna,19/10/2024
170,Chowdhury Sheikh,54,Male,Rajshahi,20/10/2024
171,Karim Ali,57,Female,Khulna,24/06/2023
172,Hossain Miah,27,Male,Mymensingh,10/11/2024
173,Rahman Sheikh,34,Male,Mymensingh,25/05/2023
174,Rahman Miah,28,Male,Mymensingh,26/05/2023
175,Rahman Miah,37,Female,Sylhet,27/05/2023
176,Hossain Islam,30,Female,Mymensingh,28/05/2023
177,Ahmed Khan,42,Female,Sylhet,28/03/2024
178,Rahman Ali,71,Female,Sylhet,25/09/2023
179,Ahmed Miah,73,Male,Mymensingh,25/09/2023
180,Rahman Khan,56,Female,Khulna,12/08/2023
181,Karim Miah,34,Male,Chattogram,22/07/2023
182,Ahmed Islam,68,Female,Dhaka,
183,Chowdhury Islam,64,Male,Chattogram,14/02/2023
184,Rahman Islam,65,Female,Rajshahi,02/05/2024
185,Karim Khan,68,Female,Sylhet,10/10/2024
186,Karim Islam,70,Female,Sylhet,
187,Rahman Ali,47,Male,Rajshahi,14/06/2023
188,Karim Sheikh,72,Female,Chattogram,22/06/2023
189,Hossain Ali,34,Male,Mymensingh,
190,Rahman Islam,55,Female,Barisal,12/07/2023
191,Ahmed Khan,48,Male,Barisal,24/06/2023
192,Chowdhury Khan,59,Male,Mymensingh,11/10/2024
193,Rahman Sheikh,25,Male,Dhaka,03/09/2024
194,Ahmed Islam,49,Male,Chattogram,16/04/2023
195,Karim Miah,26,Female,Mymensingh,26/01/2023
196,Rahman Miah,44,Male,Rangpur,14/09/2023
197,Ahmed Sheikh,57,Female,Sylhet,
198,Ahmed Islam,31,Female,Mymensingh,05/09/2023
199,Karim Islam,24,Female,Barisal,31/07/2023
200,Ahmed Sheikh,35,Male,Chattogram,
201,Hossain Ali,60,Male,Dhaka,25/02/2023
202,Ahmed Islam,33,Male,Khulna,
203,Ahmed Miah,31,Male,Khulna,
204,Rahman Khan,68,Male,Sylhet,30/08/2024
205,Karim Khan,52,Female,Rajshahi,11/02/2024
206,Ahmed Ali,26,Male,Barisal,12/02/2024
207,Karim Miah,38,Male,Rajshahi,13/02/2024
208,Rahman Ali,26,Female,Chattogram,14/02/2024
209,Ahmed Sheikh,46,Female,Chattogram,20/07/2024
210,Hossain Miah,32,Male,Sylhet,10/08/2024
211,Hossain Ali,21,Female,Rangpur,06/12/2023
212,Hossain Ali,49,Female,Chattogram,15/02/2024
213,Ahmed Islam,56,Male,Chattogram,15/10/2024
214,Karim Islam,57,Female,Rangpur,
215,Chowdhury Miah,36,Female,Rangpur,10/05/2023
216,Ahmed Ali,72,Male,Rangpur,01/09/2023
217,Hossain Khan,44,Female,Mymensingh,13/02/2023
218,Hossain Sheikh,64,Male,Barisal,01/01/2023
219,Hossain Islam,60,Female,Barisal,14/03/2024
220,Karim Sheikh,22,Male,Chattogram,
221,Ahmed Sheikh,24,Female,Rajshahi,01/04/2024
222,Chowdhury Ali,55,Female,Chattogram,27/03/2024
223,Hossain Islam,73,Female,Dhaka,03/01/2023
224,Rahman Miah,37,Female,Chattogram,
225,Chowdhury Miah,31,Male,Mymensingh,31/05/2024
226,Karim Ali,40,Female,Chattogram,16/07/2023
227,Rahman Miah,32,Female,Dhaka,
228,Chowdhury Islam,19,Male,Sylhet,17/12/2024
229,Rahman Islam,40,Male,Rajshahi,
230,Karim Miah,60,Female,Chattogram,
231,Karim Ali,23,Male,Rangpur,31/01/2023
232,Hossain Sheikh,39,Male,Barisal,31/05/2023
233,Rahman Islam,67,Male,Dhaka,02/06/2023
234,Karim Khan,66,Male,Chattogram,
235,Rahman Sheikh,60,Female,Mymensingh,
236,Chowdhury Sheikh,44,Female,Khulna,13/07/2023
237,Chowdhury Ali,40,Female,Chattogram,
238,Rahman Miah,49,Female,Dhaka,18/09/2024
239,Karim Sheikh,56,Male,Dhaka,
240,Karim Islam,31,Male,Sylhet,
241,Rahman Islam,25,Male,Mymensingh,13/08/2023
242,Hossain Khan,26,Female,Khulna,04/12/2023
243,Chowdhury Miah,71,Female,Chattogram,
244,Hossain Ali,45,Male,Mymensingh,20/01/2024
245,Ahmed Islam,54,Female,Rangpur,17/03/2024
246,Hossain Islam,25,Female,Dhaka,
247,Rahman Khan,69,Female,Barisal,11/04/2023
248,Ahmed Sheikh,72,Male,Khulna,06/07/2024
249,Hossain Miah,43,Male,Rangpur,30/01/2024
250,Rahman Islam,32,Female,Rajshahi,
251,Ahmed Miah,58,Male,Khulna,23/03/2023
252,Rahman Islam,64,Male,Khulna,27/05/2023
253,Ahmed Khan,34,Male,Rajshahi,26/12/2023
254,Chowdhury Khan,66,Male,Rajshahi,14/03/2024
255,Hossain Sheikh,66,Female,Barisal,09/03/2024
256,Rahman Khan,46,Male,Mymensingh,29/11/2024
257,Hossain Islam,68,Female,Dhaka,15/08/2024
258,Rahman Miah,22,Female,Mymensingh,07/11/2024
259,Hossain Ali,21,Female,Sylhet,14/04/2023
260,Ahmed Ali,57,Female,Mymensingh,
261,Chowdhury Miah,68,Male,Mymensingh,11/04/2024
262,Chowdhury Khan,38,Female,Rajshahi,
263,Ahmed Sheikh,24,Female,Chattogram,01/10/2023
264,Chowdhury Khan,20,Male,Mymensingh,13/03/2024
265,Hossain Miah,51,Male,Barisal,07/10/2023
266,Rahman Islam,42,Female,Barisal,07/07/2023
267,Chowdhury Ali,68,Female,Chattogram,08/07/2023
268,Rahman Ali,53,Female,Sylhet,09/07/2023
269,Rahman Miah,73,Male,Barisal,10/07/2023
270,Ahmed Miah,60,Male,Barisal,11/07/2023
271,Rahman Sheikh,26,Male,Sylhet,09/05/2024
272,Chowdhury Sheikh,59,Female,Rajshahi,03/07/2023
273,Chowdhury Ali,59,Female,Barisal,08/02/2023
274,Ahmed Islam,37,Male,Khulna,08/03/2024
275,Rahman Sheikh,30,Male,Rajshahi,27/03/2023
276,Karim Ali,36,Male,Dhaka,
277,Rahman Miah,26,Female,Rajshahi,25/02/2023
278,Karim Khan,71,Male,Mymensingh,21/10/2023
279,Ahmed Sheikh,41,Male,Mymensingh,04/04/2024
280,Chowdhury Islam,66,Female,Khulna,
281,Chowdhury Khan,37,Female,Khulna,07/10/2023
282,Rahman Miah,46,Female,Sylhet,24/09/2023
283,Hossain Miah,51,Female,Rajshahi,20/03/2023
284,Karim Miah,26,Female,Dhaka,01/10/2023
285,Hossain Islam,53,Male,Chattogram,10/08/2023
286,Rahman Ali,66,Male,Sylhet,04/11/2023
287,Hossain Miah,27,Female,Chattogram,
288,Karim Sheikh,74,Female,Dhaka,09/12/2024
289,Hossain Ali,43,Female,Khulna,10/12/2023
290,Hossain Ali,41,Male,Dhaka,
291,Rahman Ali,71,Female,Rajshahi,23/07/2023
292,Karim Ali,36,Female,Rajshahi,14/02/2023
293,Hossain Sheikh,57,Male,Chattogram,15/02/2023
294,Ahmed Islam,31,Male,Rangpur,22/10/2024
295,Ahmed Islam,33,Female,Chattogram,19/03/2023
296,Ahmed Khan,44,Female,Chattogram,20/03/2023
297,Ahmed Sheikh,56,Male,Khulna,08/10/2023
298,Karim Islam,45,Male,Barisal,21/07/2023
299,Karim Miah,44,Male,Chattogram,31/12/2023
300,Chowdhury Islam,22,Male,Rangpur,25/12/2023
301,Hossain Ali,58,Female,Barisal,13/04/2023
302,Rahman Ali,40,Male,Barisal,27/02/2023
303,Karim Ali,67,Female,Rajshahi,28/02/2023
304,Ahmed Islam,52,Female,Rajshahi,01/03/2023
305,Hossain Sheikh,58,Male,Rajshahi,05/11/2023
306,Ahmed Sheikh,20,Female,Khulna,22/10/2024
307,Ahmed Khan,74,Male,Barisal,07/02/2023
308,Rahman Miah,43,Female,Sylhet,03/01/2023
309,Ahmed Khan,36,Female,Dhaka,04/01/2023
310,Rahman Islam,25,Female,Rangpur,05/01/2023
311,Hossain Sheikh,75,Female,Barisal,08/09/2024
312,Karim Sheikh,62,Female,Barisal,13/03/2024
313,Chowdhury Islam,69,Male,Rangpur,24/04/2023
314,Ahmed Sheikh,56,Male,Sylhet,29/08/2023
315,Rahman Ali,23,Female,Sylhet,02/10/2023
316,Rahman Sheikh,56,Female,Rajshahi,10/04/2023
317,Hossain Islam,46,Male,Barisal,22/01/2023
318,Chowdhury Sheikh,35,Male,Chattogram,
319,Hossain Islam,50,Male,Dhaka,18/06/2024
320,Karim Miah,61,Female,Dhaka,15/02/2023
321,Karim Ali,33,Female,Barisal,04/03/2023
322,Hossain Miah,20,Male,Mymensingh,
323,Rahman Islam,46,Male,Rajshahi,10/05/2024
324,Chowdhury Islam,43,Female,Sylhet,
325,Karim Ali,19,Male,Mymensingh,
326,Chowdhury Sheikh,53,Male,Sylhet,28/04/2023
327,Rahman Sheikh,31,Female,Mymensingh,04/11/2023
328,Karim Ali,26,Male,Mymensingh,05/11/2023
329,Karim Sheikh,23,Female,Barisal,06/11/2023
330,Ahmed Miah,52,Female,Sylhet,07/11/2023
331,Karim Khan,68,Female,Khulna,21/11/2023
332,Ahmed Khan,68,Male,Khulna,
333,Hossain Ali,41,Female,Mymensingh,17/05/2023
334,Chowdhury Khan,57,Male,Chattogram,16/04/2023
335,Rahman Sheikh,63,Female,Rangpur,28/04/2023
336,Hossain Miah,22,Male,Barisal,02/07/2024
337,Ahmed Sheikh,47,Female,Rajshahi,07/01/2023
338,Chowdhury Miah,29,Male,Rangpur,15/07/2024
339,Chowdhury Ali,71,Male,Rajshahi,
340,Rahman Khan,28,Female,Khulna,03/02/2023
341,Rahman Miah,75,Female,Chattogram,05/03/2023
342,Rahman Khan,58,Female,Rajshahi,10/02/2023
343,Rahman Miah,52,Male,Rajshahi,07/03/2024
344,Chowdhury Miah,27,Male,Barisal,18/03/2024
345,Chowdhury Ali,70,Male,Chattogram,08/12/2024
346,Ahmed Miah,34,Male,Rangpur,
347,Chowdhury Ali,49,Female,Sylhet,13/06/2024
348,Hossain Khan,69,Female,Sylhet,13/08/2023
349,Hossain Ali,62,Male,Rajshahi,16/02/2023
350,Hossain Sheikh,48,Female,Khulna,17/02/2023
351,Rahman Miah,27,Female,Barisal,18/02/2023
352,Rahman Sheikh,26,Female,Chattogram,19/02/2023
353,Rahman Khan,47,Male,Sylhet,20/02/2023
354,Hossain Khan,27,Male,Dhaka,21/02/2023
355,Rahman Sheikh,73,Female,Khulna,16/09/2024
356,Karim Islam,54,Female,Khulna,
357,Karim Sheikh,50,Female,Mymensingh,01/04/2023
358,Rahman Sheikh,19,Male,Rangpur,02/04/2023
359,Chowdhury Sheikh,33,Male,Barisal,14/12/2023
360,Ahmed Ali,36,Female,Mymensingh,20/12/2023
361,Rahman Miah,18,Male,Rangpur,30/01/2023
362,Karim Islam,64,Female,Rangpur,31/03/2024
363,Rahman Ali,43,Male,Khulna,
364,Rahman Miah,36,Male,Rangpur,14/06/2023
365,Chowdhury Sheikh,66,Female,Chattogram,15/06/2023
366,Karim Ali,43,Female,Barisal,16/06/2023
367,Chowdhury Islam,66,Male,Khulna,07/01/2024
368,Chowdhury Miah,43,Male,Dhaka,14/11/2023
369,Ahmed Khan,63,Female,Mymensingh,
370,Chowdhury Sheikh,27,Male,Barisal,
371,Chowdhury Islam,28,Female,Sylhet,20/07/2023
372,Chowdhury Islam,50,Female,Sylhet,
373,Hossain Ali,41,Female,Chattogram,14/12/2023
374,Hossain Miah,37,Male,Mymensingh,
375,Rahman Miah,54,Male,Dhaka,11/06/2023
376,Chowdhury Sheikh,28,Female,Rajshahi,12/04/2023
377,Karim Ali,54,Male,Khulna,09/10/2023
378,Ahmed Sheikh,38,Female,Rajshahi,13/03/2023
379,Hossain Khan,44,Female,Dhaka,24/02/2023
380,Karim Miah,31,Female,Mymensingh,
381,Chowdhury Sheikh,38,Male,Mymensingh,19/06/2024
382,Chowdhury Islam,52,Female,Sylhet,13/03/2024
383,Chowdhury Sheikh,30,Male,Sylhet,11/01/2024
384,Chowdhury Islam,32,Female,Sylhet,
385,Karim Sheikh,38,Female,Barisal,
386,Chowdhury Islam,36,Male,Rangpur,12/12/2024
387,Hossain Islam,67,Male,Sylhet,13/12/2024
388,Ahmed Islam,63,Male,Barisal,07/06/2024
389,Hossain Islam,65,Female,Khulna,22/02/2023
390,Karim Miah,35,Female,Rajshahi,
391,Ahmed Miah,65,Male,Khulna,17/07/2024
392,Ahmed Miah,32,Male,Dhaka,30/09/2023
393,Ahmed Sheikh,39,Female,Chattogram,01/10/2023
394,Karim Ali,53,Male,Rangpur,02/10/2023
395,Hossain Sheikh,59,Male,Sylhet,03/10/2023
396,Rahman Islam,59,Male,Chattogram,04/10/2023
397,Chowdhury Khan,52,Male,Rajshahi,30/11/2023
398,Hossain Khan,20,Female,Mymensingh,13/02/2024
399,Karim Islam,74,Male,Dhaka,30/08/2024
400,Rahman Miah,56,Male,Barisal,31/12/2024
401,Rahman Sheikh,59,Female,Rajshahi,12/04/2024
402,Chowdhury Sheikh,35,Male,Chattogram,
403,Rahman Khan,64,Female,Sylhet,26/04/2023
404,Karim Ali,65,Female,Sylhet,27/04/2023
405,Chowdhury Khan,29,Female,Rangpur,28/04/2023
406,Chowdhury Islam,23,Female,Chattogram,03/12/2024
407,Karim Khan,48,Female,Khulna,08/01/2024
408,Ahmed Islam,42,Male,Mymensingh,
409,Rahman Islam,37,Male,Sylhet,12/08/2024
410,Rahman Khan,21,Male,Mymensingh,
411,Rahman Khan,43,Female,Chattogram,09/05/2023
412,Rahman Islam,57,Male,Khulna,
413,Karim Sheikh,27,Female,Barisal,
414,Hossain Miah,48,Male,Khulna,
415,Chowdhury Ali,51,Female,Barisal,
416,Ahmed Miah,25,Male,Khulna,24/05/2024
417,Chowdhury Miah,27,Male,Barisal,
418,Chowdhury Sheikh,25,Male,Mymensingh,
419,Ahmed Miah,46,Male,Mymensingh,17/07/2023
420,Karim Miah,44,Female,Dhaka,18/04/2023
421,Chowdhury Sheikh,61,Female,Dhaka,25/06/2024
422,Hossain Islam,70,Male,Khulna,17/01/2024
423,Chowdhury Ali,20,Female,Barisal,
424,Ahmed Miah,21,Male,Mymensingh,01/08/2023
425,Ahmed Islam,44,Male,Rajshahi,24/02/2024
426,Hossain Islam,75,Female,Mymensingh,
427,Hossain Sheikh,23,Male,Barisal,05/01/2023
428,Ahmed Khan,52,Female,Rajshahi,24/12/2023
429,Karim Ali,66,Male,Sylhet,09/08/2023
430,Hossain Miah,45,Female,Khulna,30/12/2023
431,Karim Sheikh,40,Male,Sylhet,07/02/2023
432,Karim Ali,20,Female,Dhaka,25/04/2024
433,Karim Khan,22,Male,Dhaka,12/09/2023
434,Hossain Miah,61,Male,Khulna,
435,Ahmed Sheikh,46,Male,Khulna,
436,Ahmed Khan,50,Female,Khulna,
437,Chowdhury Islam,54,Female,Khulna,29/07/2023
438,Rahman Khan,60,Male,Rangpur,10/03/2023
439,Rahman Islam,21,Male,Rangpur,14/01/2023
440,Chowdhury Sheikh,21,Female,Rangpur,
441,Chowdhury Islam,62,Female,Rangpur,19/01/2023
442,Karim Islam,42,Male,Mymensingh,
443,Karim Khan,37,Male,Mymensingh,
444,Ahmed Miah,44,Female,Rajshahi,30/07/2023
445,Hossain Khan,34,Male,Barisal,19/08/2023
446,Ahmed Sheikh,72,Female,Chattogram,
447,Chowdhury Khan,21,Female,Rangpur,26/10/2024
448,Chowdhury Miah,20,Male,Khulna,27/03/2023
449,Chowdhury Miah,31,Female,Khulna,16/07/2023
450,Rahman Islam,18,Male,Khulna,24/12/2024
451,Ahmed Sheikh,33,Male,Rangpur,25/12/2024
452,Karim Miah,38,Female,Rangpur,26/12/2024
453,Hossain Miah,59,Female,Sylhet,27/12/2024
454,Rahman Islam,50,Female,Mymensingh,28/12/2024
455,Ahmed Sheikh,66,Female,Khulna,29/12/2024
456,Rahman Islam,44,Male,Khulna,30/12/2024
457,Karim Ali,34,Female,Sylhet,31/12/2024
458,Karim Khan,39,Male,Rangpur,01/01/2025
459,Chowdhury Khan,49,Female,Sylhet,14/06/2023
460,Hossain Sheikh,47,Male,Barisal,07/05/2023
461,Karim Khan,64,Female,Rajshahi,18/01/2024
462,Chowdhury Ali,51,Male,Chattogram,
463,Ahmed Ali,44,Male,Khulna,
464,Ahmed Khan,18,Male,Mymensingh,07/03/2024
465,Rahman Ali,57,Female,Mymensingh,25/02/2024
466,Ahmed Ali,52,Female,Dhaka,
467,Ahmed Miah,64,Female,Sylhet,
468,Ahmed Miah,70,Female,Rajshahi,29/04/2023
469,Ahmed Ali,51,Male,Khulna,25/02/2023
470,Karim Miah,51,Female,Barisal,13/05/2024
471,Rahman Sheikh,23,Female,Rangpur,02/11/2024
472,Hossain Miah,33,Male,Sylhet,14/01/2023
473,Ahmed Ali,23,Female,Rangpur,01/11/2024
474,Hossain Miah,48,Male,Dhaka,
475,Karim Ali,49,Female,Barisal,20/08/2024
476,Chowdhury Ali,75,Male,Khulna,
477,Karim Miah,48,Female,Dhaka,27/12/2023
478,Ahmed Islam,75,Male,Rajshahi,
479,Rahman Ali,31,Male,Rangpur,23/12/2023
480,Ahmed Islam,28,Male,Rangpur,06/08/2023
481,Chowdhury Islam,42,Male,Chattogram,06/11/2024
482,Chowdhury Islam,21,Male,Rangpur,12/05/2024
483,Karim Ali,39,Female,Barisal,24/04/2023
484,Ahmed Islam,68,Female,Mymensingh,18/02/2024
485,Karim Islam,53,Female,Rangpur,12/12/2024
486,Karim Miah,60,Female,Chattogram,03/06/2024
487,Chowdhury Islam,69,Male,Chattogram,21/11/2023
488,Ahmed Islam,27,Female,Rajshahi,06/07/2024
489,Hossain Islam,41,Male,Chattogram,18/07/2024
490,Ahmed Islam,46,Female,Sylhet,11/08/2024
491,Ahmed Khan,23,Male,Rangpur,17/06/2023
492,Hossain Miah,53,Female,Chattogram,
493,Ahmed Ali,40,Male,Barisal,
494,Hossain Ali,36,Female,Rangpur,30/04/2024
495,Ahmed Miah,75,Male,Rajshahi,
496,Hossain Khan,26,Female,Sylhet,22/04/2023
497,Rahman Sheikh,27,Male,Rajshahi,13/11/2024
498,Hossain Islam,44,Female,Mymensingh,
499,Ahmed Islam,34,Male,Mymensingh,
500,Chowdhury Miah,30,Female,Chattogram,
501,Karim Islam,18,Female,Barisal,
502,Chowdhury Sheikh,69,Female,Mymensingh,21/04/2023
503,Rahman Sheikh,70,Male,Sylhet,18/09/2023
504,Rahman Miah,62,Male,Mymensingh,02/07/2023
505,Rahman Khan,43,Female,Sylhet,07/01/2024
506,Hossain Miah,68,Male,Barisal,06/11/2023
507,Hossain Islam,70,Female,Barisal,30/01/2024
508,Ahmed Miah,30,Male,Dhaka,08/10/2023
509,Hossain Khan,46,Female,Chattogram,
510,Hossain Sheikh,26,Female,Khulna,
511,Rahman Khan,63,Female,Rangpur,
512,Ahmed Sheikh,56,Female,Rangpur,26/08/2023
513,Chowdhury Miah,73,Female,Dhaka,01/04/2023
514,Rahman Miah,56,Male,Chattogram,29/11/2023
515,Karim Islam,28,Male,Rangpur,22/02/2024
516,Rahman Sheikh,24,Male,Chattogram,02/02/2023
517,Rahman Khan,50,Male,Mymensingh,
518,Rahman Sheikh,47,Male,Barisal,30/04/2024
519,Ahmed Sheikh,24,Female,Rangpur,05/02/2023
520,Ahmed Ali,71,Male,Barisal,15/04/2023
521,Rahman Islam,47,Male,Mymensingh,
522,Rahman Sheikh,24,Female,Mymensingh,
523,Rahman Ali,37,Male,Chattogram,
524,Ahmed Islam,59,Male,Rajshahi,
525,Karim Miah,29,Male,Barisal,
526,Chowdhury Sheikh,47,Male,Rangpur,04/08/2023
527,Karim Khan,58,Female,Rangpur,
528,Ahmed Miah,74,Male,Mymensingh,
529,Chowdhury Sheikh,42,Male,Khulna,
530,Karim Islam,66,Male,Chattogram,27/09/2023
531,Chowdhury Khan,41,Female,Khulna,12/02/2024
532,Hossain Ali,34,Female,Barisal,05/06/2024
533,Chowdhury Sheikh,57,Female,Chattogram,15/12/2023
534,Rahman Islam,72,Female,Rajshahi,21/05/2023
535,Rahman Miah,55,Male,Rajshahi,12/02/2023
536,Rahman Ali,33,Female,Chattogram,18/04/2023
537,Karim Islam,62,Male,Rangpur,11/03/2023
538,Hossain Miah,26,Female,Rangpur,13/03/2023
539,Karim Sheikh,58,Male,Rajshahi,07/03/2023
540,Hossain Islam,26,Male,Barisal,23/03/2024
541,Hossain Miah,21,Female,Dhaka,
542,Hossain Khan,30,Female,Mymensingh,
543,Hossain Sheikh,44,Female,Mymensingh,
544,Karim Ali,54,Male,Khulna,30/01/2024
545,Rahman Ali,35,Male,Sylhet,
546,Karim Sheikh,54,Female,Chattogram,14/05/2023
547,Chowdhury Ali,35,Female,Dhaka,
548,Hossain Miah,31,Female,Chattogram,19/09/2024
549,Karim Islam,73,Male,Mymensingh,17/07/2023
550,Rahman Islam,73,Male,Mymensingh,
551,Ahmed Khan,31,Female,Rangpur,
552,Karim Miah,26,Male,Khulna,12/12/2023
553,Ahmed Miah,40,Female,Rajshahi,17/12/2023
554,Rahman Islam,36,Female,Chattogram,18/05/2024
555,Karim Sheikh,21,Female,Rajshahi,
556,Karim Khan,27,Female,Khulna,17/05/2024
557,Hossain Sheikh,27,Female,Rangpur,
558,Hossain Sheikh,22,Male,Rangpur,17/03/2024
559,Chowdhury Islam,62,Female,Mymensingh,
560,Hossain Islam,55,Male,Chattogram,15/03/2023
561,Hossain Islam,72,Male,Rangpur,26/02/2023
562,Karim Sheikh,70,Male,Mymensingh,05/08/2023
563,Rahman Islam,71,Female,Barisal,
564,Chowdhury Miah,26,Female,Barisal,02/05/2023
565,Ahmed Ali,24,Female,Dhaka,
566,Ahmed Khan,46,Female,Dhaka,14/09/2024
567,Hossain Khan,62,Male,Sylhet,
568,Karim Islam,23,Female,Sylhet,
569,Ahmed Islam,60,Male,Dhaka,17/06/2024
570,Hossain Islam,64,Male,Rangpur,18/05/2024
571,Ahmed Ali,18,Male,Mymensingh,11/06/2023
572,Ahmed Khan,55,Male,Mymensingh,
573,Ahmed Ali,62,Female,Chattogram,
574,Hossain Khan,48,Male,Khulna,
575,Hossain Ali,64,Male,Chattogram,25/12/2024
576,Rahman Islam,74,Female,Rajshahi,
577,Hossain Khan,59,Male,Chattogram,22/06/2023
578,Chowdhury Miah,18,Male,Mymensingh,
579,Rahman Khan,58,Male,Rangpur,
580,Chowdhury Sheikh,73,Male,Chattogram,
581,Ahmed Khan,66,Male,Rangpur,09/11/2023
582,Rahman Sheikh,38,Male,Khulna,23/05/2023
583,Rahman Ali,33,Female,Dhaka,14/05/2024
584,Rahman Khan,51,Male,Rangpur,04/09/2023
585,Rahman Ali,68,Male,Mymensingh,20/01/2024
586,Hossain Ali,33,Female,Chattogram,
587,Chowdhury Ali,41,Female,Rajshahi,21/08/2023
588,Hossain Miah,44,Female,Rajshahi,
589,Hossain Ali,19,Male,Dhaka,
590,Rahman Khan,20,Male,Rangpur,03/09/2023
591,Chowdhury Islam,58,Female,Rangpur,15/06/2023
592,Hossain Ali,58,Male,Sylhet,24/05/2024
593,Ahmed Islam,23,Male,Rajshahi,
594,Chowdhury Islam,43,Male,Sylhet,
595,Hossain Khan,21,Male,Chattogram,
596,Hossain Ali,47,Male,Sylhet,05/09/2024
597,Karim Ali,18,Male,Dhaka,
598,Karim Sheikh,40,Female,Rajshahi,15/10/2023
599,Rahman Khan,65,Female,Chattogram,
600,Ahmed Islam,69,Female,Sylhet,07/03/2023
601,Chowdhury Ali,34,Male,Mymensingh,
602,Hossain Miah,41,Male,Mymensingh,09/04/2024
603,Chowdhury Khan,41,Male,Sylhet,01/09/2023
604,Ahmed Miah,61,Male,Khulna,24/12/2023
605,Chowdhury Ali,20,Male,Khulna,02/01/2023
606,Ahmed Sheikh,41,Female,Rajshahi,05/02/2024
607,Karim Ali,53,Female,Khulna,
608,Rahman Khan,44,Female,Sylhet,07/08/2023
609,Ahmed Miah,41,Male,Dhaka,20/03/2023
610,Karim Khan,69,Male,Rangpur,27/03/2023
611,Ahmed Sheikh,73,Female,Sylhet,02/09/2023
612,Rahman Ali,53,Female,Dhaka,
613,Rahman Khan,36,Female,Khulna,
614,Hossain Islam,55,Female,Khulna,
615,Chowdhury Khan,27,Male,Rangpur,
616,Ahmed Khan,52,Female,Dhaka,
617,Rahman Ali,66,Female,Sylhet,
618,Ahmed Khan,51,Male,Rangpur,
619,Hossain Ali,27,Female,Chattogram,10/03/2023
620,Ahmed Khan,75,Female,Barisal,
621,Hossain Ali,55,Male,Rajshahi,27/06/2023
622,Hossain Ali,55,Male,Rangpur,15/06/2023
623,Karim Khan,36,Female,Barisal,12/09/2023
624,Hossain Islam,38,Female,Sylhet,24/12/2024
625,Karim Ali,30,Male,Chattogram,
626,Karim Ali,28,Female,Mymensingh,02/07/2023
627,Rahman Sheikh,25,Female,Khulna,02/04/2023
628,Hossain Islam,47,Female,Chattogram,
629,Ahmed Khan,69,Female,Dhaka,
630,Karim Islam,27,Male,Khulna,01/04/2023
631,Rahman Sheikh,50,Male,Sylhet,12/10/2023
632,Rahman Khan,19,Female,Mymensingh,09/11/2023
633,Chowdhury Miah,33,Male,Mymensingh,22/06/2023
634,Ahmed Khan,25,Male,Dhaka,01/05/2023
635,Karim Khan,30,Female,Barisal,
636,Ahmed Miah,55,Female,Chattogram,27/09/2023
637,Ahmed Ali,30,Female,Rajshahi,
638,Ahmed Islam,25,Male,Mymensingh,
639,Ahmed Khan,54,Female,Rangpur,11/04/2024
640,Hossain Ali,42,Female,Rajshahi,27/11/2023
641,Rahman Khan,29,Female,Sylhet,28/05/2024
642,Hossain Khan,20,Male,Sylhet,04/12/2023
643,Hossain Sheikh,74,Female,Dhaka,
644,Ahmed Islam,42,Male,Rangpur,
645,Karim Miah,33,Male,Rangpur,31/07/2024
646,Rahman Sheikh,52,Female,Barisal,08/12/2023
647,Chowdhury Miah,38,Female,Sylhet,24/12/2024
648,Karim Ali,38,Male,Dhaka,14/05/2023
649,Rahman Ali,69,Female,Barisal,17/04/2023
650,Chowdhury Khan,28,Male,Khulna,04/01/2023
651,Karim Islam,52,Male,Khulna,23/12/2023
652,Chowdhury Sheikh,40,Male,Rajshahi,
653,Karim Miah,38,Female,Dhaka,01/06/2023
654,Rahman Miah,54,Male,Khulna,
655,Hossain Miah,37,Male,Mymensingh,16/11/2023
656,Ahmed Ali,21,Male,Khulna,14/10/2024
657,Ahmed Miah,48,Male,Barisal,
658,Chowdhury Khan,69,Male,Barisal,
659,Karim Islam,21,Male,Rajshahi,
660,Chowdhury Khan,67,Male,Barisal,
661,Ahmed Islam,63,Female,Chattogram,24/06/2024
662,Rahman Islam,38,Male,Rajshahi,
663,Hossain Sheikh,59,Female,Rajshahi,
664,Chowdhury Miah,68,Female,Khulna,18/05/2023
665,Chowdhury Khan,42,Female,Sylhet,08/05/2023
666,Karim Khan,64,Male,Rangpur,06/02/2023
667,Chowdhury Ali,29,Female,Khulna,
668,Chowdhury Ali,49,Male,Barisal,
669,Ahmed Khan,40,Female,Rajshahi,10/02/2023
670,Ahmed Islam,46,Male,Sylhet,
671,Karim Khan,62,Male,Barisal,
672,Rahman Ali,64,Male,Dhaka,06/01/2023
673,Hossain Sheikh,64,Female,Rajshahi,
674,Hossain Sheikh,74,Female,Barisal,09/06/2024
675,Chowdhury Sheikh,24,Female,Khulna,29/05/2024
676,Karim Sheikh,22,Male,Sylhet,
677,Ahmed Islam,34,Male,Chattogram,27/02/2024
678,Rahman Khan,74,Female,Rajshahi,04/09/2023
679,Ahmed Miah,75,Male,Barisal,16/01/2024
680,Chowdhury Miah,75,Female,Dhaka,
681,Hossain Khan,56,Female,Rajshahi,
682,Ahmed Ali,39,Male,Khulna,
683,Hossain Miah,64,Female,Sylhet,28/04/2023
684,Rahman Khan,24,Male,Rangpur,12/03/2023
685,Chowdhury Miah,71,Female,Rajshahi,
686,Ahmed Islam,18,Female,Chattogram,
687,Rahman Miah,48,Male,Chattogram,
688,Ahmed Khan,28,Female,Chattogram,05/02/2024
689,Hossain Ali,37,Female,Mymensingh,17/11/2023
690,Hossain Islam,23,Female,Rajshahi,
691,Rahman Sheikh,41,Male,Mymensingh,
692,Ahmed Islam,46,Female,Sylhet,
693,Karim Islam,54,Male,Rajshahi,
694,Ahmed Ali,60,Female,Rangpur,19/05/2024
695,Chowdhury Khan,53,Male,Rangpur,
696,Chowdhury Sheikh,52,Female,Khulna,01/06/2023
697,Hossain Islam,23,Female,Dhaka,
698,Chowdhury Miah,75,Male,Chattogram,25/11/2024
699,Hossain Khan,28,Male,Khulna,18/11/2024
700,Karim Ali,45,Male,Rangpur,10/04/2023
701,Karim Khan,71,Female,Barisal,10/11/2024
702,Ahmed Ali,42,Female,Barisal,11/04/2023
703,Rahman Miah,47,Male,Rangpur,
704,Ahmed Sheikh,27,Male,Chattogram,
705,Ahmed Miah,67,Male,Sylhet,18/03/2023
706,Chowdhury Islam,74,Female,Sylhet,
707,Hossain Sheikh,54,Female,Dhaka,06/11/2024
708,Karim Islam,43,Male,Rangpur,25/10/2023
709,Ahmed Sheikh,74,Female,Khulna,
710,Ahmed Sheikh,35,Female,Dhaka,
711,Rahman Islam,37,Female,Mymensingh,
712,Ahmed Khan,26,Female,Mymensingh,24/10/2023
713,Rahman Islam,64,Female,Chattogram,15/07/2023
714,Karim Sheikh,31,Female,Mymensingh,
715,Chowdhury Islam,70,Male,Rajshahi,22/06/2024
716,Ahmed Islam,63,Female,Rajshahi,26/05/2023
717,Chowdhury Miah,19,Male,Khulna,
718,Karim Ali,33,Male,Mymensingh,24/06/2024
719,Ahmed Islam,63,Male,Sylhet,21/08/2024
720,Rahman Sheikh,50,Female,Chattogram,08/01/2023
721,Ahmed Khan,41,Female,Mymensingh,09/07/2023
722,Karim Sheikh,55,Female,Barisal,
723,Karim Islam,65,Male,Sylhet,28/07/2023
724,Ahmed Sheikh,21,Male,Khulna,07/12/2024
725,Karim Khan,61,Male,Sylhet,01/10/2023
726,Hossain Miah,19,Male,Mymensingh,03/11/2024
727,Karim Khan,56,Male,Khulna,12/11/2023
728,Rahman Miah,69,Female,Sylhet,
729,Hossain Sheikh,72,Female,Mymensingh,
730,Rahman Khan,47,Female,Rangpur,25/05/2024
731,Chowdhury Ali,18,Female,Sylhet,11/03/2023
732,Rahman Ali,48,Male,Barisal,09/08/2024
733,Rahman Islam,73,Female,Sylhet,02/04/2023
734,Rahman Khan,27,Male,Dhaka,
735,Chowdhury Sheikh,60,Female,Rajshahi,16/02/2024
736,Ahmed Sheikh,36,Female,Rangpur,26/10/2024
737,Hossain Sheikh,65,Male,Khulna,
738,Rahman Khan,61,Female,Barisal,
739,Chowdhury Islam,72,Male,Rajshahi,01/06/2023
740,Rahman Ali,48,Male,Sylhet,12/06/2024
741,Chowdhury Khan,61,Female,Chattogram,
742,Karim Islam,32,Female,Rangpur,
743,Rahman Islam,34,Female,Mymensingh,04/01/2023
744,Ahmed Sheikh,21,Male,Mymensingh,18/07/2023
745,Karim Miah,25,Female,Sylhet,13/04/2023
746,Hossain Ali,73,Male,Rajshahi,30/07/2023
747,Karim Islam,44,Female,Rajshahi,15/03/2024
748,Rahman Khan,67,Male,Mymensingh,05/03/2024
749,Rahman Khan,38,Male,Dhaka,
750,Hossain Islam,31,Male,Rajshahi,13/12/2023
751,Hossain Ali,26,Female,Rangpur,
752,Hossain Sheikh,48,Female,Dhaka,07/02/2024
753,Ahmed Miah,30,Female,Dhaka,13/02/2023
754,Rahman Miah,30,Male,Dhaka,16/02/2023
755,Karim Khan,62,Female,Sylhet,16/04/2024
756,Karim Ali,42,Female,Rajshahi,
757,Ahmed Ali,37,Female,Mymensingh,09/07/2023
758,Chowdhury Miah,51,Female,Rangpur,
759,Karim Islam,75,Female,Barisal,09/04/2024
760,Karim Khan,69,Female,Dhaka,09/02/2024
761,Karim Khan,64,Male,Khulna,05/01/2024
762,Ahmed Miah,50,Male,Chattogram,
763,Rahman Ali,42,Female,Dhaka,
764,Chowdhury Ali,60,Male,Dhaka,16/06/2023
765,Ahmed Ali,44,Female,Rangpur,07/09/2024
766,Ahmed Miah,34,Female,Rajshahi,11/05/2023
767,Karim Ali,37,Female,Chattogram,
768,Chowdhury Islam,57,Male,Rangpur,29/07/2024
769,Ahmed Miah,64,Male,Sylhet,18/03/2023
770,Ahmed Ali,49,Male,Khulna,
771,Rahman Miah,30,Female,Rangpur,12/11/2023
772,Rahman Khan,20,Female,Khulna,04/05/2024
773,Hossain Islam,33,Male,Dhaka,05/11/2023
774,Ahmed Ali,71,Female,Rajshahi,25/10/2023
775,Ahmed Miah,22,Male,Sylhet,13/10/2023
776,Karim Sheikh,36,Female,Mymensingh,21/03/2023
777,Ahmed Ali,70,Male,Dhaka,10/01/2023
778,Rahman Islam,69,Female,Rangpur,20/03/2024
779,Ahmed Ali,72,Male,Dhaka,02/08/2023
780,Karim Khan,39,Female,Mymensingh,22/05/2023
781,Chowdhury Islam,74,Male,Barisal,11/08/2023
782,Rahman Khan,25,Female,Rangpur,02/08/2024
783,Hossain Islam,71,Female,Mymensingh,
784,Hossain Khan,25,Male,Dhaka,18/07/2023
785,Karim Ali,44,Female,Mymensingh,
786,Karim Miah,42,Female,Dhaka,19/02/2023
787,Karim Sheikh,49,Male,Rangpur,17/04/2024
788,Hossain Ali,22,Female,Barisal,18/09/2023
789,Ahmed Miah,67,Male,Barisal,14/02/2023
790,Chowdhury Miah,62,Male,Rangpur,15/06/2023
791,Karim Sheikh,40,Female,Rajshahi,
792,Chowdhury Miah,21,Male,Rajshahi,11/10/2023
793,Chowdhury Sheikh,72,Female,Rajshahi,12/10/2023
794,Ahmed Sheikh,38,Male,Barisal,13/10/2023
795,Rahman Ali,50,Male,Rangpur,14/10/2023
796,Hossain Khan,23,Female,Mymensingh,15/10/2023
797,Chowdhury Sheikh,23,Female,Mymensingh,25/04/2023
798,Rahman Ali,49,Male,Chattogram,26/04/2023
799,Hossain Sheikh,20,Male,Chattogram,27/09/2024
800,Chowdhury Miah,58,Female,Khulna,28/09/2024
801,Hossain Islam,41,Male,Khulna,26/05/2023
802,Hossain Islam,53,Female,Barisal,13/02/2023
803,Hossain Ali,24,Male,Dhaka,03/07/2024
804,Rahman Islam,71,Female,Barisal,04/07/2024
805,Ahmed Ali,75,Male,Mymensingh,29/10/2023
806,Karim Sheikh,24,Female,Khulna,30/10/2023
807,Karim Ali,72,Female,Khulna,15/12/2024
808,Hossain Khan,63,Female,Chattogram,16/12/2024
809,Hossain Ali,58,Male,Mymensingh,17/12/2024
810,Hossain Miah,50,Male,Mymensingh,18/12/2024
811,Ahmed Miah,65,Male,Rangpur,18/10/2024
812,Chowdhury Sheikh,50,Male,Rajshahi,20/03/2023
813,Karim Ali,42,Female,Rangpur,21/03/2023
814,Hossain Miah,62,Male,Sylhet,08/10/2023
815,Hossain Islam,36,Female,Rajshahi,09/10/2023
816,Karim Sheikh,56,Female,Barisal,02/03/2024
817,Chowdhury Khan,30,Male,Sylhet,09/03/2024
818,Rahman Khan,63,Male,Barisal,10/03/2024
819,Ahmed Islam,53,Female,Rangpur,10/08/2024
820,Chowdhury Islam,74,Female,Dhaka,27/10/2023
821,Chowdhury Ali,19,Female,Rajshahi,27/12/2023
822,Ahmed Ali,30,Female,Rajshahi,22/07/2023
823,Rahman Islam,27,Male,Sylhet,23/07/2023
824,Karim Miah,20,Female,Mymensingh,08/12/2024
825,Ahmed Miah,73,Male,Rangpur,05/10/2024
826,Karim Miah,68,Female,Dhaka,17/11/2023
827,Hossain Sheikh,44,Female,Dhaka,17/11/2024
828,Ahmed Islam,30,Female,Khulna,16/07/2023
829,Rahman Miah,52,Male,Khulna,17/07/2023
830,Rahman Sheikh,29,Male,Rajshahi,18/07/2023
831,Karim Miah,25,Female,Dhaka,09/03/2024
832,Hossain Islam,53,Female,Rajshahi,10/03/2024
833,Karim Miah,72,Female,Dhaka,11/03/2024
834,Rahman Sheikh,63,Male,Dhaka,20/04/2023
835,Karim Islam,56,Male,Sylhet,21/04/2023
836,Hossain Miah,53,Female,Chattogram,22/04/2023
837,Rahman Miah,32,Male,Chattogram,26/07/2024
838,Chowdhury Khan,44,Female,Chattogram,14/11/2023
839,Rahman Khan,74,Male,Barisal,15/11/2023
840,Rahman Islam,36,Male,Mymensingh,19/03/2024
841,Chowdhury Ali,25,Female,Mymensingh,20/03/2024
842,Karim Miah,57,Male,Dhaka,21/03/2024
843,Rahman Sheikh,68,Male,Rangpur,02/12/2023
844,Rahman Miah,64,Female,Dhaka,01/07/2024
845,Chowdhury Islam,50,Female,Mymensingh,02/07/2024
846,Ahmed Islam,75,Male,Barisal,03/07/2024
847,Chowdhury Ali,24,Male,Dhaka,04/07/2024
848,Ahmed Khan,60,Male,Rangpur,07/03/2024
849,Ahmed Khan,52,Female,Chattogram,08/03/2024
850,Karim Ali,47,Female,Dhaka,01/09/2023
851,Ahmed Ali,21,Male,Sylhet,31/01/2023
852,Chowdhury Ali,54,Male,Sylhet,12/08/2023
853,Hossain Sheikh,46,Female,Rangpur,17/04/2023
854,Rahman Ali,42,Male,Dhaka,29/06/2023
855,Chowdhury Ali,66,Male,Chattogram,15/07/2023
856,Rahman Miah,24,Female,Sylhet,10/04/2023
857,Chowdhury Ali,36,Female,Rangpur,27/04/2023
858,Hossain Ali,48,Male,Khulna,20/11/2023
859,Karim Sheikh,68,Female,Rajshahi,21/11/2023
860,Rahman Islam,18,Male,Chattogram,22/11/2023
861,Ahmed Ali,54,Female,Chattogram,25/01/2023
862,Rahman Khan,65,Female,Khulna,02/06/2023
863,Hossain Miah,27,Male,Rajshahi,27/11/2024
864,Karim Miah,71,Female,Khulna,10/04/2024
865,Ahmed Khan,60,Male,Mymensingh,11/04/2024
866,Chowdhury Ali,36,Male,Sylhet,21/02/2024
867,Ahmed Khan,64,Female,Barisal,22/02/2024
868,Rahman Khan,60,Male,Chattogram,31/12/2024
869,Rahman Miah,22,Male,Barisal,01/01/2025
870,Hossain Sheikh,39,Female,Rajshahi,02/01/2025
871,Chowdhury Miah,41,Female,Rangpur,03/01/2025
872,Karim Ali,38,Male,Khulna,04/01/2025
873,Hossain Islam,71,Female,Rajshahi,21/06/2024
874,Rahman Sheikh,47,Female,Barisal,22/06/2024
875,Rahman Sheikh,53,Male,Rajshahi,13/03/2024
876,Chowdhury Ali,71,Female,Rajshahi,13/01/2023
877,Chowdhury Khan,34,Male,Chattogram,22/01/2023
878,Ahmed Miah,58,Male,Rangpur,02/05/2023
879,Chowdhury Khan,20,Female,Mymensingh,03/05/2023
880,Karim Islam,43,Male,Sylhet,13/07/2024
881,Karim Sheikh,50,Male,Rangpur,14/07/2024
882,Rahman Miah,18,Male,Rajshahi,27/07/2024
883,Chowdhury Khan,46,Male,Rajshahi,14/07/2023
884,Chowdhury Miah,60,Male,Mymensingh,08/07/2024
885,Rahman Ali,32,Female,Khulna,09/07/2024
886,Ahmed Islam,41,Male,Dhaka,10/07/2024
887,Karim Miah,68,Female,Rangpur,29/01/2023
888,Hossain Sheikh,74,Male,Dhaka,18/11/2023
889,Rahman Ali,63,Female,Sylhet,07/08/2023
890,Chowdhury Miah,54,Male,Rangpur,25/02/2023
891,Hossain Islam,55,Male,Sylhet,06/10/2024
892,Hossain Khan,51,Female,Barisal,07/10/2024
893,Rahman Sheikh,68,Female,Dhaka,13/07/2023
894,Chowdhury Khan,46,Male,Khulna,14/07/2023
895,Ahmed Miah,59,Female,Khulna,24/11/2023
896,Karim Khan,28,Female,Chattogram,25/11/2023
897,Karim Sheikh,69,Female,Chattogram,26/11/2023
898,Hossain Sheikh,48,Male,Rajshahi,27/11/2023
899,Hossain Ali,33,Male,Rajshahi,28/11/2023
900,Chowdhury Miah,28,Male,Dhaka,07/11/2024
901,Chowdhury Khan,21,Male,Sylhet,25/03/2024
902,Karim Miah,43,Male,Sylhet,26/03/2024
903,Ahmed Khan,46,Female,Mymensingh,23/09/2023
904,Karim Khan,71,Female,Rajshahi,09/04/2024
905,Chowdhury Khan,57,Female,Rajshahi,24/05/2024
906,Rahman Sheikh,56,Male,Khulna,18/03/2024
907,Hossain Sheikh,26,Male,Dhaka,24/07/2023
908,Karim Miah,73,Female,Rajshahi,25/07/2023
909,Chowdhury Ali,29,Female,Dhaka,26/07/2023
910,Chowdhury Miah,66,Male,Chattogram,26/02/2023
911,Hossain Khan,75,Male,Rangpur,31/03/2023
912,Chowdhury Sheikh,41,Male,Rangpur,01/04/2023
913,Karim Sheikh,68,Female,Barisal,02/04/2023
914,Chowdhury Miah,24,Female,Rajshahi,11/06/2024
915,Rahman Sheikh,67,Male,Chattogram,26/11/2024
916,Rahman Miah,74,Female,Sylhet,27/11/2024
917,Karim Ali,63,Male,Chattogram,26/05/2023
918,Chowdhury Ali,42,Male,Barisal,15/07/2023
919,Hossain Islam,24,Male,Rangpur,13/12/2024
920,Chowdhury Islam,34,Female,Barisal,03/11/2023
921,Chowdhury Islam,61,Female,Khulna,10/08/2023
922,Hossain Miah,68,Female,Rajshahi,01/03/2024
923,Rahman Miah,53,Female,Sylhet,29/10/2023
924,Rahman Miah,40,Female,Rajshahi,16/07/2023
925,Ahmed Khan,46,Male,Chattogram,13/11/2023
926,Karim Miah,43,Female,Dhaka,25/08/2023
927,Karim Sheikh,58,Male,Chattogram,31/12/2024
928,Karim Sheikh,56,Female,Chattogram,01/01/2025
929,Ahmed Islam,32,Female,Chattogram,02/01/2025
930,Chowdhury Ali,64,Female,Rangpur,03/01/2025
931,Chowdhury Miah,36,Male,Rajshahi,20/06/2024
932,Hossain Sheikh,18,Male,Sylhet,25/04/2023
933,Karim Ali,68,Male,Rajshahi,21/10/2024
934,Ahmed Islam,33,Male,Rajshahi,21/10/2024
935,Ahmed Islam,67,Female,Barisal,25/02/2024
936,Hossain Sheikh,55,Male,Dhaka,30/01/2023
937,Ahmed Ali,53,Female,Barisal,31/01/2023
938,Rahman Islam,32,Male,Mymensingh,01/02/2023
939,Hossain Miah,18,Female,Rajshahi,02/02/2023
940,Hossain Miah,24,Male,Sylhet,18/02/2023
941,Rahman Ali,69,Female,Sylhet,18/08/2023
942,Hossain Sheikh,54,Female,Khulna,27/11/2024
943,Rahman Sheikh,61,Female,Dhaka,13/02/2023
944,Hossain Ali,34,Male,Rangpur,15/03/2024
945,Karim Khan,69,Female,Rangpur,27/01/2023
946,Rahman Miah,52,Male,Sylhet,19/08/2023
947,Karim Islam,23,Female,Barisal,20/08/2023
948,Ahmed Miah,29,Female,Barisal,15/07/2023
949,Rahman Khan,75,Female,Rajshahi,16/07/2023
950,Karim Sheikh,65,Male,Khulna,17/07/2023
951,Karim Islam,31,Male,Khulna,18/07/2023
952,Karim Miah,40,Male,Chattogram,19/07/2023
953,Ahmed Ali,61,Female,Dhaka,23/06/2023
954,Chowdhury Ali,72,Female,Barisal,25/10/2024
955,Chowdhury Islam,49,Female,Mymensingh,09/12/2024
956,Karim Miah,35,Female,Khulna,21/06/2024
957,Chowdhury Khan,21,Female,Mymensingh,22/06/2024
958,Chowdhury Ali,50,Female,Rangpur,23/04/2024
959,Karim Sheikh,25,Female,Barisal,24/04/2024
960,Ahmed Ali,61,Male,Rangpur,24/04/2023
961,Chowdhury Ali,38,Female,Sylhet,25/04/2023
962,Karim Miah,34,Male,Sylhet,25/03/2023
963,Hossain Miah,39,Female,Rajshahi,27/03/2023
964,Hossain Sheikh,31,Female,Barisal,28/03/2023
965,Rahman Sheikh,35,Female,Rajshahi,18/06/2023
966,Chowdhury Khan,54,Male,Chattogram,30/06/2023
967,Rahman Khan,53,Female,Rangpur,12/06/2024
968,Karim Khan,69,Male,Mymensingh,13/06/2024
969,Ahmed Khan,44,Female,Rajshahi,20/08/2024
970,Chowdhury Miah,64,Female,Mymensingh,13/01/2024
971,Rahman Islam,53,Male,Rangpur,21/04/2024
972,Ahmed Khan,21,Male,Sylhet,02/02/2023
973,Hossain Ali,46,Female,Sylhet,03/02/2023
974,Rahman Islam,53,Female,Barisal,28/04/2023
975,Ahmed Sheikh,25,Female,Khulna,18/06/2023
976,Chowdhury Miah,59,Male,Sylhet,28/02/2023
977,Rahman Islam,61,Female,Mymensingh,29/05/2024
978,Ahmed Sheikh,57,Female,Mymensingh,30/05/2024
979,Karim Khan,58,Female,Rangpur,31/05/2024
980,Chowdhury Miah,43,Male,Chattogram,01/06/2024
981,Karim Islam,32,Female,Barisal,18/01/2023
982,Rahman Islam,56,Female,Sylhet,01/01/2024
983,Hossain Islam,65,Female,Rangpur,05/08/2024
984,Karim Khan,72,Male,Rajshahi,05/07/2023
985,Karim Islam,65,Male,Khulna,06/07/2023
986,Karim Sheikh,24,Male,Chattogram,07/07/2023
987,Hossain Miah,21,Male,Rangpur,06/06/2023
988,Chowdhury Ali,24,Female,Rajshahi,07/06/2023
989,Ahmed Sheikh,37,Male,Khulna,29/10/2024
990,Rahman Sheikh,58,Male,Rajshahi,26/05/2024
991,Chowdhury Khan,19,Male,Barisal,27/05/2024
992,Rahman Sheikh,47,Female,Mymensingh,28/05/2024
993,Karim Miah,29,Female,Rangpur,06/05/2023
994,Chowdhury Miah,37,Female,Mymensingh,19/02/2024
995,Chowdhury Khan,69,Male,Mymensingh,20/02/2024
996,Rahman Islam,44,Female,Rajshahi,21/02/2024
997,Rahman Ali,18,Male,Barisal,09/03/2024
998,Rahman Sheikh,52,Male,Mymensingh,05/02/2024
999,Hossain Islam,18,Female,Sylhet,18/07/2023
1000,Chowdhury Khan,68,Male,Barisal,24/11/2024
